path	green8_share	green8_blocks	size
/home/justin/hakux-work/dispatch/results/1790921690-titleroutes-1082096/route-frames/004142-booted.png	0.3853	7397	1280x960
/home/justin/hakux-work/dispatch/results/1790364700-gamecheck-355013/frames/f00076.png	0.3474	6670	1280x960
/home/justin/hakux-work/dispatch/results/1790364700-gamecheck-355013/frames/f00067.png	0.3420	6567	1280x960
/home/justin/hakux-work/dispatch/results/0-0-y-1790395182-rtdbench-5/frames/f00017.png	0.3270	6278	1280x960
/home/justin/hakux-work/dispatch/results/1790944635-titleroutes2-2688279/route-frames/061627-booted.png	0.3229	6199	1280x960
/home/justin/hakux-work/dispatch/results/0-0-y-1790395182-rtdbench-5/frames/f00009.png	0.3059	5874	1280x960
/home/justin/hakux-work/dispatch/results/1790364700-gamecheck-355013/frames/f00053.png	0.3031	5819	1280x960
/home/justin/hakux-work/dispatch/results/1790364700-gamecheck-355013/frames/f00020.png	0.2969	5701	1280x960
/home/justin/hakux-work/dispatch/results/1790939919-titleroutes2-1446307/route-frames/043800-menu-start.png	0.2953	5670	1280x960
/home/justin/hakux-work/dispatch/results/1790364700-gamecheck-355013/frames/f00032.png	0.2881	5532	1280x960
/home/justin/hakux-work/dispatch/results/1790364700-gamecheck-355013/frames/f00033.png	0.2861	5493	1280x960
/home/justin/hakux-work/dispatch/results/1790364700-gamecheck-355013/frames/f00017.png	0.2841	5455	1280x960
/home/justin/hakux-work/dispatch/results/1790364700-gamecheck-355013/frames/f00026.png	0.2835	5444	1280x960
/home/justin/hakux-work/dispatch/results/1790939919-titleroutes2-1446307/route-frames/043737-menu-start.png	0.2809	5393	1280x960
/home/justin/hakux-work/wt/pathfind/scratch/runs/sw3/frames/002-publisher_logo.jpg	0.2790	1339	640x480
/home/justin/hakux-work/dispatch/results/0-0-y-1790395182-rtdbench-5/frames/f00018.png	0.2661	5109	1280x960
/home/justin/hakux-work/wt/pathfind/scratch/runs/sw3/frames/003-intro_video.jpg	0.2602	1249	640x480
/home/justin/hakux-work/dispatch/results/1790364700-gamecheck-355013/frames/f00019.png	0.2453	4710	1280x960
/home/justin/hakux-work/dispatch/results/1790364700-gamecheck-355013/frames/f00080.png	0.2448	4700	1280x960
/home/justin/hakux-work/dispatch/results/1790944635-titleroutes2-2688279/route-frames/061640-menu-a.png	0.2429	4663	1280x960
/home/justin/hakux-work/dispatch/results/1790921690-titleroutes-1082096/route-frames/004153-menu-a.png	0.2385	4580	1280x960
/home/justin/hakux-work/dispatch/results/1790364700-gamecheck-355013/frames/f00036.png	0.2382	4574	1280x960
/home/justin/hakux-work/dispatch/results/1790364700-gamecheck-355013/frames/f00052.png	0.2296	4408	1280x960
/home/justin/hakux-work/dispatch/results/1790364700-gamecheck-355013/frames/f00034.png	0.2229	4279	1280x960
/home/justin/hakux-work/wt/pathfind/scratch/runs/spikeout/frames/017-loading.jpg	0.2202	1057	640x480
/home/justin/hakux-work/dispatch/results/1790364700-gamecheck-355013/frames/f00043.png	0.2110	4052	1280x960
/home/justin/hakux-work/dispatch/results/1790364700-gamecheck-355013/frames/f00072.png	0.2023	3884	1280x960
/home/justin/hakux-work/dispatch/results/0-0-y-1790395182-rtdbench-5/frames/f00022.png	0.1999	3839	1280x960
/home/justin/hakux-work/dispatch/results/1790939919-titleroutes2-1446307/route-frames/043545-booted.png	0.1992	3825	1280x960
/home/justin/hakux-work/dispatch/results/1790921690-titleroutes-1082096/route-frames/004337-menu-a.png	0.1971	3785	1280x960
/home/justin/hakux-work/dispatch/results/1790939919-titleroutes2-1446307/route-frames/043749-menu-start.png	0.1958	3760	1280x960
/home/justin/hakux-work/dispatch/results/1790364700-gamecheck-355013/frames/f00027.png	0.1940	3724	1280x960
/home/justin/hakux-work/dispatch/results/0-0-y-1790395182-rtdbench-5/frames/f00013.png	0.1927	3699	1280x960
/home/justin/hakux-work/dispatch/results/1790364700-gamecheck-355013/frames/f00044.png	0.1919	3685	1280x960
/home/justin/hakux-work/dispatch/results/1790364700-gamecheck-355013/frames/f00073.png	0.1905	3658	1280x960
/home/justin/hakux-work/dispatch/results/1790364700-gamecheck-355013/frames/f00042.png	0.1883	3616	1280x960
/home/justin/hakux-work/dispatch/results/1790939919-titleroutes2-1446307/route-frames/043604-menu-start.png	0.1879	3607	1280x960
/home/justin/hakux-work/dispatch/results/1790921690-titleroutes-1082096/route-frames/004355-menu-start.png	0.1872	3594	1280x960
/home/justin/hakux-work/dispatch/results/0-0-y-1790395182-rtdbench-5/frames/f00005.png	0.1861	3573	1280x960
/home/justin/hakux-work/dispatch/results/0-0-y-1790395182-rtdbench-5/frames/f00006.png	0.1851	3553	1280x960
/home/justin/hakux-work/dispatch/results/1790921690-titleroutes-1082096/route-frames/004315-menu-a.png	0.1834	3521	1280x960
/home/justin/hakux-work/dispatch/results/1790921690-titleroutes-1082096/route-frames/004211-menu-start.png	0.1823	3501	1280x960
/home/justin/hakux-work/dispatch/results/1790944635-titleroutes2-2688279/route-frames/061651-menu-a.png	0.1820	3494	1280x960
/home/justin/hakux-work/dispatch/results/1790939919-titleroutes2-1446307/route-frames/043503-boot20.png	0.1818	3491	1280x960
/home/justin/hakux-work/dispatch/results/1790939919-titleroutes2-1446307/route-frames/043656-menu-a.png	0.1818	3490	1280x960
/home/justin/hakux-work/dispatch/results/1790364700-gamecheck-355013/frames/f00077.png	0.1812	3480	1280x960
/home/justin/hakux-work/dispatch/results/1790944635-titleroutes2-2688279/route-frames/061715-menu-a.png	0.1802	3460	1280x960
/home/justin/hakux-work/dispatch/results/1790939919-titleroutes2-1446307/route-frames/043708-menu-a.png	0.1794	3445	1280x960
/home/justin/hakux-work/dispatch/results/1790921690-titleroutes-1082096/route-frames/004302-menu-a.png	0.1778	3414	1280x960
/home/justin/hakux-work/dispatch/results/1790944635-titleroutes2-2688279/route-frames/061749-menu-a.png	0.1756	3372	1280x960
/home/justin/hakux-work/dispatch/results/1790921690-titleroutes-1082096/route-frames/004234-menu-start.png	0.1746	3353	1280x960
/home/justin/hakux-work/dispatch/results/1790944635-titleroutes2-2688279/route-frames/061702-menu-a.png	0.1746	3352	1280x960
/home/justin/hakux-work/dispatch/results/1790939919-titleroutes2-1446307/route-frames/043725-menu-start.png	0.1739	3339	1280x960
/home/justin/hakux-work/dispatch/results/1790364700-gamecheck-355013/frames/f00048.png	0.1735	3331	1280x960
/home/justin/hakux-work/dispatch/results/1790939919-titleroutes2-1446307/route-frames/043620-menu-a.png	0.1719	3301	1280x960
/home/justin/hakux-work/dispatch/results/1790364700-gamecheck-355013/frames/f00018.png	0.1696	3256	1280x960
/home/justin/hakux-work/dispatch/results/1790944635-titleroutes2-2688279/route-frames/061545-boot20.png	0.1679	3224	1280x960
/home/justin/hakux-work/dispatch/results/1790364700-gamecheck-355013/frames/f00014.png	0.1668	3203	1280x960
/home/justin/hakux-work/dispatch/results/1790921690-titleroutes-1082096/route-frames/004222-menu-start.png	0.1649	3166	1280x960
/home/justin/hakux-work/dispatch/results/0-0-y-1790395182-rtdbench-5/frames/f00024.png	0.1648	3164	1280x960
/home/justin/hakux-work/dispatch/results/1790939919-titleroutes2-1446307/route-frames/043633-menu-a.png	0.1606	3084	1280x960
/home/justin/hakux-work/dispatch/results/1790364700-gamecheck-355013/frames/f00070.png	0.1601	3074	1280x960
/home/justin/hakux-work/dispatch/results/1790921690-titleroutes-1082096/route-frames/004407-menu-start.png	0.1591	3055	1280x960
/home/justin/hakux-work/dispatch/results/0-0-y-1790395182-rtdbench-5/frames/f00012.png	0.1580	3033	1280x960
/home/justin/hakux-work/dispatch/results/1790921690-titleroutes-1082096/route-frames/004251-menu-a.png	0.1572	3019	1280x960
/home/justin/hakux-work/dispatch/results/1790939919-titleroutes2-1446307/route-frames/043719-menu-a.png	0.1504	2888	1280x960
/home/justin/hakux-work/dispatch/results/1790939919-titleroutes2-1446307/route-frames/043551-menu-start.png	0.1500	2880	1280x960
/home/justin/hakux-work/dispatch/results/1790364700-gamecheck-355013/frames/f00035.png	0.1473	2829	1280x960
/home/justin/hakux-work/dispatch/results/1790944635-titleroutes2-2688279/route-frames/061841-menu-start.png	0.1472	2827	1280x960
/home/justin/hakux-work/dispatch/results/1790921690-titleroutes-1082096/route-frames/004159-menu-start.png	0.1441	2767	1280x960
/home/justin/hakux-work/dispatch/results/1790364700-gamecheck-355013/frames/f00038.png	0.1435	2755	1280x960
/home/justin/hakux-work/dispatch/results/0-0-y-1790395182-rtdbench-5/frames/f00007.png	0.1419	2724	1280x960
/home/justin/hakux-work/dispatch/results/1790939919-titleroutes2-1446307/route-frames/043639-menu-start.png	0.1406	2700	1280x960
/home/justin/hakux-work/dispatch/results/1790944635-titleroutes2-2688279/route-frames/061836-menu-a.png	0.1395	2678	1280x960
/home/justin/hakux-work/dispatch/results/0-0-y-1790395182-rtdbench-5/frames/f00010.png	0.1394	2677	1280x960
/home/justin/hakux-work/dispatch/results/1790364700-gamecheck-355013/frames/f00050.png	0.1391	2670	1280x960
/home/justin/hakux-work/dispatch/results/1790944635-titleroutes2-2688279/route-frames/061737-menu-a.png	0.1382	2654	1280x960
/home/justin/hakux-work/dispatch/results/1790921690-titleroutes-1082096/route-frames/004147-menu-start.png	0.1369	2629	1280x960
/home/justin/hakux-work/dispatch/results/1790364700-gamecheck-355013/frames/f00046.png	0.1353	2598	1280x960
/home/justin/hakux-work/dispatch/results/0-0-y-1790395182-rtdbench-5/frames/f00023.png	0.1324	2542	1280x960
/home/justin/hakux-work/dispatch/results/1790364700-gamecheck-355013/frames/f00037.png	0.1319	2532	1280x960
/home/justin/hakux-work/dispatch/results/1790921690-titleroutes-1082096/route-frames/004216-menu-a.png	0.1316	2527	1280x960
/home/justin/hakux-work/dispatch/results/1790944635-titleroutes2-2688279/route-frames/061824-menu-a.png	0.1301	2498	1280x960
/home/justin/hakux-work/dispatch/results/1790944635-titleroutes2-2688279/route-frames/061720-menu-start.png	0.1285	2468	1280x960
/home/justin/hakux-work/dispatch/results/0-0-y-1790395182-rtdbench-5/frames/f00021.png	0.1267	2432	1280x960
/home/justin/hakux-work/dispatch/results/1790939919-titleroutes2-1446307/route-frames/043807-menu-a.png	0.1262	2423	1280x960
/home/justin/hakux-work/dispatch/results/1790944635-titleroutes2-2688279/route-frames/061645-menu-start.png	0.1260	2420	1280x960
/home/justin/hakux-work/dispatch/results/1790364700-gamecheck-355013/frames/f00029.png	0.1244	2389	1280x960
/home/justin/hakux-work/dispatch/results/1790944635-titleroutes2-2688279/route-frames/061731-menu-start.png	0.1215	2332	1280x960
/home/justin/hakux-work/dispatch/results/1790364700-gamecheck-355013/frames/f00041.png	0.1211	2325	1280x960
/home/justin/hakux-work/dispatch/results/1790944635-titleroutes2-2688279/route-frames/061656-menu-start.png	0.1207	2318	1280x960
/home/justin/hakux-work/dispatch/results/1790939919-titleroutes2-1446307/route-frames/043714-menu-start.png	0.1193	2291	1280x960
/home/justin/hakux-work/dispatch/results/1790939919-titleroutes2-1446307/route-frames/043609-menu-a.png	0.1186	2277	1280x960
/home/justin/hakux-work/dispatch/results/1790939919-titleroutes2-1446307/route-frames/043743-menu-a.png	0.1173	2253	1280x960
/home/justin/hakux-work/dispatch/results/1790921690-titleroutes-1082096/route-frames/004309-menu-start.png	0.1168	2242	1280x960
/home/justin/hakux-work/dispatch/results/1790944635-titleroutes2-2688279/route-frames/061755-menu-start.png	0.1164	2235	1280x960
/home/justin/hakux-work/dispatch/results/1790921690-titleroutes-1082096/route-frames/004205-menu-a.png	0.1154	2216	1280x960
/home/justin/hakux-work/dispatch/results/1790939919-titleroutes2-1446307/route-frames/043615-menu-start.png	0.1149	2207	1280x960
/home/justin/hakux-work/dispatch/results/1790939919-titleroutes2-1446307/route-frames/043650-menu-start.png	0.1134	2177	1280x960
/home/justin/hakux-work/dispatch/results/1790921690-titleroutes-1082096/route-frames/004240-menu-a.png	0.1128	2166	1280x960
/home/justin/hakux-work/dispatch/results/1790944635-titleroutes2-2688279/route-frames/061801-menu-a.png	0.1128	2165	1280x960
/home/justin/hakux-work/dispatch/results/1790944635-titleroutes2-2688279/route-frames/061708-menu-start.png	0.1124	2158	1280x960
/home/justin/hakux-work/dispatch/results/1790939919-titleroutes2-1446307/route-frames/043702-menu-start.png	0.1114	2139	1280x960
/home/justin/hakux-work/dispatch/results/1790939919-titleroutes2-1446307/route-frames/043754-menu-a.png	0.1103	2117	1280x960
/home/justin/hakux-work/dispatch/results/1790364700-gamecheck-355013/frames/f00028.png	0.1084	2082	1280x960
/home/justin/hakux-work/dispatch/results/0-0-y-1790395182-rtdbench-5/frames/f00019.png	0.1084	2081	1280x960
/home/justin/hakux-work/dispatch/results/1790921690-titleroutes-1082096/route-frames/004246-menu-start.png	0.1082	2078	1280x960
/home/justin/hakux-work/dispatch/results/1790939919-titleroutes2-1446307/route-frames/043644-menu-a.png	0.1079	2072	1280x960
/home/justin/hakux-work/dispatch/results/1790921690-titleroutes-1082096/route-frames/004326-menu-a.png	0.1024	1966	1280x960
/home/justin/hakux-work/dispatch/results/1790944635-titleroutes2-2688279/route-frames/061847-menu-a.png	0.1020	1958	1280x960
/home/justin/hakux-work/dispatch/results/1790921690-titleroutes-1082096/route-frames/004401-menu-a.png	0.1017	1953	1280x960
/home/justin/hakux-work/dispatch/results/1790921690-titleroutes-1082096/route-frames/004320-menu-start.png	0.0992	1905	1280x960
/home/justin/hakux-work/dispatch/results/1790364700-gamecheck-355013/frames/f00024.png	0.0986	1894	1280x960
/home/justin/hakux-work/dispatch/results/1790944635-titleroutes2-2688279/route-frames/061830-menu-start.png	0.0919	1765	1280x960
/home/justin/hakux-work/dispatch/results/1790944635-titleroutes2-2688279/route-frames/061806-menu-start.png	0.0918	1763	1280x960
/home/justin/hakux-work/dispatch/results/1790364700-gamecheck-355013/frames/f00045.png	0.0916	1758	1280x960
/home/justin/hakux-work/dispatch/results/1790364700-gamecheck-355013/frames/f00040.png	0.0914	1754	1280x960
/home/justin/hakux-work/dispatch/results/1790364700-gamecheck-355013/frames/f00022.png	0.0888	1705	1280x960
/home/justin/hakux-work/dispatch/results/0-0-y-1790395182-rtdbench-5/frames/f00011.png	0.0885	1699	1280x960
/home/justin/hakux-work/dispatch/results/1790939919-titleroutes2-1446307/route-frames/043525-boot40.png	0.0883	1695	1280x960
/home/justin/hakux-work/dispatch/results/1790364700-gamecheck-355013/frames/f00012.png	0.0838	1608	1280x960
/home/justin/hakux-work/dispatch/results/1790364700-gamecheck-355013/frames/f00025.png	0.0797	1530	1280x960
/home/justin/hakux-work/dispatch/results/1790364700-gamecheck-355013/frames/f00079.png	0.0793	1522	1280x960
/home/justin/hakux-work/dispatch/results/1790944635-titleroutes2-2688279/route-frames/061819-menu-start.png	0.0793	1522	1280x960
/home/justin/hakux-work/dispatch/results/1790364700-gamecheck-355013/frames/f00039.png	0.0743	1426	1280x960
/home/justin/hakux-work/dispatch/results/1790364700-gamecheck-355013/frames/f00021.png	0.0741	1422	1280x960
/home/justin/hakux-work/dispatch/results/1790364700-gamecheck-355013/frames/f00031.png	0.0735	1412	1280x960
/home/justin/hakux-work/dispatch/results/1790364700-gamecheck-355013/frames/f00071.png	0.0727	1395	1280x960
/home/justin/hakux-work/dispatch/results/1790364700-gamecheck-355013/frames/f00015.png	0.0631	1211	1280x960
/home/justin/hakux-work/dispatch/results/0-0-y-1790395182-rtdbench-5/frames/f00020.png	0.0558	1072	1280x960
/home/justin/hakux-work/dispatch/results/0-0-y-1790395182-rtdbench-5/frames/f00004.png	0.0558	1071	1280x960
/home/justin/hakux-work/dispatch/results/1790939919-titleroutes2-1446307/route-frames/043813-menu-start.png	0.0556	1067	1280x960
/home/justin/hakux-work/dispatch/results/1790364700-gamecheck-355013/frames/f00078.png	0.0542	1041	1280x960
/home/justin/hakux-work/dispatch/results/1790944635-titleroutes2-2688279/route-frames/061744-menu-start.png	0.0507	974	1280x960
/home/justin/hakux-work/dispatch/results/1790364700-gamecheck-355013/frames/f00047.png	0.0489	939	1280x960
/home/justin/hakux-work/dispatch/results/1790944635-titleroutes2-2688279/route-frames/061812-menu-a.png	0.0477	916	1280x960
/home/justin/hakux-work/dispatch/results/1790921690-titleroutes-1082096/route-frames/004350-menu-a.png	0.0456	875	1280x960
/home/justin/hakux-work/dispatch/results/1790921690-titleroutes-1082096/route-frames/004120-boot40.png	0.0424	815	1280x960
/home/justin/hakux-work/wt/pathfind/scratch/runs/sw3/frames/014-cutscene.jpg	0.0423	203	640x480
/home/justin/hakux-work/wt/pathfind/scratch/runs/sw3/frames/015-cutscene.jpg	0.0406	195	640x480
/home/justin/hakux-work/dispatch/results/1790364700-gamecheck-355013/frames/f00049.png	0.0394	757	1280x960
/home/justin/hakux-work/dispatch/results/1790910096-lane.local-2693820/route-frames/200456-team.png	0.0305	586	1280x960
/home/justin/hakux-work/dispatch/results/1790902215-autoverdict-1078702/route-frames/180507-menu-start.png	0.0303	582	1280x960
/home/justin/hakux-work/dispatch/results/1790364700-gamecheck-355013/frames/f00068.png	0.0290	556	1280x960
/home/justin/hakux-work/wt/pathfind/scratch/runs/sw3/frames/013-cutscene.jpg	0.0246	118	640x480
/home/justin/hakux-work/wt/pathfind/scratch/runs/sw3/frames/012-cutscene.jpg	0.0233	112	640x480
/home/justin/hakux-work/wt/pathfind/scratch/runs/spikeout/frames/006-publisher_logo.jpg	0.0219	105	640x480
/home/justin/hakux-work/dispatch/results/1790364700-gamecheck-355013/frames/f00016.png	0.0209	401	1280x960
/home/justin/hakux-work/wt/pathfind/scratch/runs/sw3/frames/004-title_screen.jpg	0.0167	80	640x480
/home/justin/hakux-work/dispatch/results/0-0-x-1790525435-lane.tbflip424-730719/route-frames/111132-play.png	0.0159	305	1280x960
/home/justin/hakux-work/dispatch/results/1790944635-titleroutes2-2688279/route-frames/061607-boot40.png	0.0159	305	1280x960
/home/justin/hakux-work/dispatch/results/1790364700-gamecheck-355013/frames/f00075.png	0.0158	304	1280x960
/home/justin/hakux-work/dispatch/results/1790921690-titleroutes-1082096/route-frames/004344-menu-start.png	0.0146	281	1280x960
/home/justin/hakux-work/dispatch/results/1790364700-gamecheck-355013/frames/f00051.png	0.0128	245	1280x960
/home/justin/hakux-work/dispatch/results/1790364700-gamecheck-355013/frames/f00023.png	0.0107	205	1280x960
/home/justin/hakux-work/wt/pathfind/scratch/runs/sw3/frames/011-cutscene.jpg	0.0102	49	640x480
/home/justin/hakux-work/wt/pathfind/scratch/runs/sw3/frames/009-cutscene.jpg	0.0090	43	640x480
/home/justin/hakux-work/dispatch/results/1-1790726259-lane.tcg424flip-1691697/route-frames/001004-m10.png	0.0089	170	1280x960
/home/justin/hakux-work/wt/pathfind/scratch/runs/sw3/frames/006-cutscene.jpg	0.0083	40	640x480
/home/justin/hakux-work/dispatch/results/1790364700-gamecheck-355013/frames/f00069.png	0.0078	149	1280x960
/home/justin/hakux-work/dispatch/results/0-0-x-1790525435-lane.tbflip424-730719/route-frames/111105-play.png	0.0074	142	1280x960
/home/justin/hakux-work/dispatch/results/1790921690-titleroutes-1082096/route-frames/004332-menu-start.png	0.0067	129	1280x960
/home/justin/hakux-work/dispatch/results/1790910096-lane.local-2693820/route-frames/201047-play.png	0.0067	128	1280x960
/home/justin/hakux-work/wt/pathfind/scratch/runs/sw3/frames/005-cutscene.jpg	0.0067	32	640x480
/home/justin/hakux-work/dispatch/results/1790910096-lane.local-2693820/route-frames/201326-play.png	0.0057	110	1280x960
/home/justin/hakux-work/wt/pathfind/scratch/runs/sw3/frames/010-cutscene.jpg	0.0056	27	640x480
/home/justin/hakux-work/wt/greensize303/docs/lanes/pathfind/runs/spikeout/strip.jpg	0.0050	121	1280x1200
/home/justin/hakux-work/wt/pathfind/scratch/runs/sw3/frames/008-cutscene.jpg	0.0050	24	640x480
/home/justin/hakux-work/dispatch/results/0-0-y-1790433159-titleplay-p1-fuzion.aborted-20260926T182935Z/route-frames/082224-gameplay.png	0.0044	85	1280x960
/home/justin/hakux-work/wt/pathfind/scratch/runs/sw3/frames/007-cutscene.jpg	0.0044	21	640x480
/home/justin/hakux-work/dispatch/results/1-1790726259-lane.tcg424flip-1691697/frames/f00018.png	0.0043	83	1280x960
/home/justin/hakux-work/dispatch/results/1-1790726265-lane.tcg424flip-1692530/frames/f00018.png	0.0043	83	1280x960
/home/justin/hakux-work/dispatch/results/1-1790757182-lane.hddcrash-1696988/route-frames/054227-boot.png	0.0043	83	1280x960
/home/justin/hakux-work/dispatch/results/1-1790757193-lane.hddcrash-1697566/route-frames/101530-boot.png	0.0043	83	1280x960
/home/justin/hakux-work/dispatch/results/1-1790726265-lane.tcg424flip-1692424/frames/f00018.png	0.0043	82	1280x960
/home/justin/hakux-work/dispatch/results/1790910096-lane.local-2693820/route-frames/201256-play.png	0.0043	82	1280x960
/home/justin/hakux-work/dispatch/results/1790910096-lane.local-2693820/route-frames/200807-play.png	0.0031	60	1280x960
