u0	0001	0.0130	0.0022
u1	0005	0.0129	0.0024
u2	0007	0.0129	0.0024
u3	0011	0.0124	0.0027
u4	0012	0.0127	0.0028
u5	0014	0.0127	0.0028
u6	0016	0.0131	0.0026
u7	0018	0.0133	0.0030
u8	0020	0.0136	0.0028
u9	0021	0.0134	0.0031
u10	0023	0.0134	0.0032
u11	0024	0.0132	0.0031
u12	0026	0.0132	0.0034
u13	0027	0.0133	0.0037
u14	0029	0.0134	0.0034
u15	0030	0.0131	0.0036
u16	0033	0.0134	0.0040
u17	0035	0.0137	0.0042
u18	0036	0.0140	0.0043
u19	0037	0.0145	0.0045
u20	0039	0.0146	0.0050
u21	0041	0.0151	0.0045
u22	0042	0.0153	0.0045
u23	0044	0.0150	0.0052
u24	0046	0.0149	0.0054
u25	0047	0.0154	0.0054
u26	0049	0.0115	0.0053
u27	0051	0.0096	0.0067
u28	0053	0.0080	0.0071
u29	0056	0.0064	0.0073
u30	0057	0.0053	0.0072
u31	0059	0.0034	0.0076
u32	0061	0.0027	0.0059
u33	0062	0.0026	0.0053
u34	0063	0.0025	0.0050
u35	0064	0.0021	0.0033
u36	0067	0.0017	0.0037
u37	0070	0.0016	0.0056
u38	0071	0.0011	0.0077
u39	0072	0.0008	0.0138
u40	0074	0.0020	0.0199
u41	0076	0.0141	0.0202
u42	0077	0.0235	0.0205
u43	0079	0.0163	0.0224
u44	0081	0.0137	0.0259
u45	0082	0.0172	0.0333
u46	0083	0.0186	0.0414
u47	0085	0.0174	0.0448
u48	0086	0.0152	0.0497
u49	0089	0.0210	0.0531
u50	0091	0.0432	0.0571
u51	0093	0.0512	0.0632
u52	0095	0.0557	0.0670
u53	0097	0.0600	0.0678
u54	0099	0.0615	0.0631
u55	0100	0.0625	0.0628
u56	0102	0.0632	0.0623
u57	0103	0.0630	0.0636
u58	0104	0.0642	0.0633
u59	0108	0.0632	0.0627
u60	0109	0.0628	0.0626
u61	0111	0.0640	0.0584
u62	0113	0.0641	0.0586
u63	0114	0.0639	0.0593
u64	0115	0.0639	0.0584
u65	0117	0.0631	0.0585
u66	0119	0.0625	0.0593
u67	0120	0.0626	0.0585
u68	0122	0.0620	0.0576
u69	0124	0.0616	0.0557
u70	0126	0.0609	0.0550
u71	0128	0.0604	0.0532
u72	0130	0.0588	0.0518
u73	0132	0.0585	0.0492
u74	0134	0.0570	0.0469
u75	0135	0.0554	0.0475
u76	0138	0.0514	0.0461
u77	0139	0.0500	0.0438
u78	0141	0.0483	0.0426
u79	0143	0.0457	0.0401
u80	0145	0.0421	0.0374
u81	0146	0.0376	0.0343
u82	0149	0.0355	0.0330
u83	0150	0.0313	0.0300
u84	0153	0.0300	0.0295
u85	0154	0.0273	0.0255
u86	0156	0.0259	0.0246
u87	0159	0.0247	0.0234
u88	0160	0.0225	0.0202
u89	0162	0.0202	0.0174
u90	0163	0.0174	0.0152
u91	0165	0.0160	0.0144
u92	0166	0.0148	0.0130
u93	0169	0.0137	0.0129
u94	0171	0.0125	0.0100
u95	0172	0.0117	0.0106
u96	0173	0.0101	0.0082
u97	0175	0.0074	0.0071
u98	0177	0.0078	0.0060
u99	0178	0.0086	0.0055
u100	0180	0.0093	0.0040
u101	0181	0.0096	0.0030
u102	0183	0.0104	0.0022
u103	0185	0.0103	0.0021
u104	0187	0.0104	0.0018
u105	0189	0.0108	0.0018
u106	0191	0.0117	0.0017
u107	0193	0.0118	0.0015
u108	0194	0.0117	0.0013
u109	0195	0.0118	0.0014
u110	0196	0.0115	0.0013
u111	0200	0.0117	0.0016
u112	0202	0.0118	0.0014
u113	0204	0.0120	0.0014
u114	0206	0.0118	0.0013
u115	0208	0.0121	0.0012
u116	0212	0.0120	0.0012
u117	0215	0.0118	0.0010
u118	0219	0.0120	0.0009
u119	0225	0.0129	0.0009
u120	0232	0.0131	0.0009
u121	0241	0.0128	0.0009
u122	0246	0.0128	0.0009
u123	0252	0.0135	0.0009
u124	0258	0.0130	0.0009
u125	0265	0.0129	0.0009
u126	0273	0.0135	0.0009
u127	0282	0.0130	0.0009
u128	0291	0.0131	0.0009
u129	0302	0.0132	0.0009
u130	0313	0.0128	0.0009
u131	0323	0.0135	0.0009
u132	0350	0.0132	0.0009
u133	0375	0.0132	0.0009
u134	0390	0.0135	0.0009
u135	0402	0.0128	0.0009
u136	0416	0.0134	0.0009
u137	0427	0.0131	0.0009
u138	0438	0.0135	0.0009
u139	0450	0.0131	0.0009
u140	0467	0.0133	0.0009
u141	0494	0.0134	0.0009
u142	0511	0.0134	0.0009
u143	0522	0.0135	0.0009
u144	0535	0.0134	0.0009
u145	0546	0.0134	0.0009
u146	0559	0.0131	0.0009
u147	0572	0.0136	0.0009
u148	0586	0.0131	0.0009
u149	0600	0.0136	0.0009
