# owner-holds.tsv: owner holds, owner orders and dispatch rules that come from the owner or the PM, one row each.
# WRITTEN BY lane.local only (the owner's word goes in here, and nowhere else is an override read from).
# Seeded 2026-10-06 by lane.dispatchgate1006 from the records named in `source`; installed as pm/owner-holds.tsv.
# kind:     exclude (blocks the listed classes) | pending (owner ruling owed) | crash (open hang/crash, no fix)
#           | below_bar (perf miss: telemetry only) | order (an owner order: the ONLY override, cited by its id)
#           | window (a time window for a class) | device (a device rule) | build_floor (a build must contain a commit)
# match:    canonical or regional title ids, comma-separated; `genre:football`; `*` (every title); `device:<label>`
# classes:  dispatch classes the row blocks (exclude/pending/crash/below_bar) or permits (order); ALL = every class
#           but OWNER_DIAGNOSTIC
# release:  what lifts it. "issues close" = lifted automatically when every number in `issues` is closed on the forge.
#           Anything else is lifted only when lane.local writes the date and the owner's words into `released`.
# value:    window: last_start=HH:MM stop=HH:MM date=YYYY-MM-DD (PT) | device: max_s=N | build_floor: <commit>
id	kind	match	classes	since	by	quote	release	issues	released	source	value
ralli-flicker-804	exclude	4D53000F	PLAYABLE_ATTEMPT,SCREEN,TELEMETRY,VALIDATION	2026-10-06 14:10	owner	RalliSport Challenge has a known unresolved flicker; fps and stills cannot see it; the owner's own Single Race check on the fix build has never been done	the owner's own Single Race flicker check on a fix build clears it (lane.local fills released; a folded fix is not a release)	804		briefs/pathfind.md 14:10 correction; memory ralli-sport-excluded-until-owner-clears-flicker
owner-1006-1450-ralli	order	4D53000F	OWNER_DIAGNOSTIC	2026-10-06 14:50	owner	confirm other cars are visible. No other cars visible is a fail	one diagnostic run on the current build		2026-10-06 lane.local: ran as scratchpad/ralli1006.sh (hold tag lane.local.ralli) per memory note; a new order needs a new row	memory ralli-sport-excluded-until-owner-clears-flicker (Exception, owner 10-06 ~14:50)
football-last	exclude	genre:football	PLAYABLE_ATTEMPT,SCREEN,TELEMETRY,VALIDATION	2026-10-05 12:35	owner	football goes last	every non-football title in the order has a verdict, or the owner says so (lane.local fills released; PATHFIND_FOOTBALL in an environment is not a release)			pathfind.py e383da4992; briefs/pathfind.md lane.local 10-06 12:05
nhl-hitz-pro-859	crash	4D57001A	PLAYABLE_ATTEMPT,SCREEN	2026-10-06 12:05	lane.local	NHL Hitz Pro hangs on the post-team-select loading screen (guest busy, frozen frame): that is a hakuX hang, not a pathing miss. Do not re-run it	issues close	859		briefs/pathfind.md lane.local 10-06 (after 12:05); forge #859
amf-xtreme-835-837	crash	42530014	PLAYABLE_ATTEMPT,SCREEN	2026-10-05 16:59	lane.pathfind	SIGSEGV in vulkan.purple.so under pgraph_vk_draw_end at 426 s (hold2, SIG_DFL 11); boot hang 1 time in 2 at r:800151ed	issues close	835,837		runs/amf-xtreme-bowling/hold2/verdict.json; forge #835 #837; pm/lanelocal-log.md 10-05 16:48-17:00
marvel-851	pending	4541038A	PLAYABLE_ATTEMPT	2026-10-06 13:35	PM	whether a >=1 s stall with the guest and the renderer both idle stays a hitch decides Marvel Nemesis; a repeat of the stall goes to #851, not to a re-run	the owner rules on #851 (lane.local fills released)	851		pm/plan-2026-10-06-replan.md rows 6 and action 7
nhl-2k3-839	below_bar	53450017	PLAYABLE_ATTEMPT	2026-10-06 13:35	PM	NHL 2K3 misses on fps (#839): telemetry, not a re-hold	issues close	839		pm/plan-2026-10-06-replan.md Excluded; briefs/pathfind.md 11:52 DROP list
tron-below-bar	below_bar	42560001	PLAYABLE_ATTEMPT	2026-10-06 13:35	PM	below the bar: telemetry and a fix, not a retest (owner 10-03 09:15)	a committed fix for the named cause and a verdict after it (lane.local fills released)	865		pm/plan-2026-10-06-replan.md Excluded; memory below-bar-means-telemetry-not-retest
ngb-below-bar	below_bar	5443000D	PLAYABLE_ATTEMPT	2026-10-06 13:35	PM	below the bar: telemetry and a fix, not a retest (owner 10-03 09:15)	a committed fix for the named cause and a verdict after it (lane.local fills released)			pm/plan-2026-10-06-replan.md Excluded
amped2-below-bar	below_bar	4D530041	PLAYABLE_ATTEMPT	2026-10-06 13:35	PM	below the bar: telemetry and a fix, not a retest (owner 10-03 09:15)	a committed fix for the named cause and a verdict after it (lane.local fills released)			pm/plan-2026-10-06-replan.md Excluded
spiderman2-below-bar	below_bar	4156002B	PLAYABLE_ATTEMPT	2026-10-06 13:35	PM	below the bar: telemetry and a fix, not a retest (owner 10-03 09:15)	a committed fix for the named cause and a verdict after it (lane.local fills released)			pm/plan-2026-10-06-replan.md Excluded
playable-window-1006	window	*	PLAYABLE_ATTEMPT	2026-10-06 13:35	PM	The last hold must start by 21:15 so its frame review lands by 22:00	the date passes			pm/plan-2026-10-06-replan.md (Nova time and what fits)	last_start=21:15 stop=22:00 date=2026-10-06
thor-fan-dead	device	device:thor	ALL	2026-09-29 18:50	owner	the Thor's fan is dead; queued Thor requests of <= 480 s are allowed (owner 09-30 ~12:30 PDT), cold slot	the fan is replaced (lane.local fills released)			dispatch/hold/thor.why; memory thor-fan-not-driven-after-boot	max_s=480
libfolders-floor	build_floor	*	ALL	2026-10-04	lane.local	a build older than 10f14d301d voids on a device after any newer build ran (GamesFolders removes gamesFolderUri)	never			memory pre-libfolders-ref-voids	10f14d301d
forza-583-floor	build_floor	4D53006E	ALL	2026-09-28	lane.local	Forza soaks on a ref with #517 and without #583's fix decay 12 -> 2 fps from an unpruned invalid-surface list	never			memory forza-invalid-list-since-517	10fe2f59a7
