capture	prim	flag	wrong	ceiling_gold	ceiling_gold_label	ceiling_gold_any	ceiling_gold_gt2	ceiling_cons	cons_vs_gold	cons_vs_gold_plain	falsifier_hit	falsifier_hit_dil	label	fp-alpha	fp-rgb	shared	aa-path	other	fp-alpha_d2	fp-rgb_d2	shared_d2	aa-path_d2	other_d2	aa_edge	aa_interior	aa_darker	aa_brighter	shared_edge	out_moved	out_moved_gt2	out_if_transparent	out_still_gt2	fp_hit
Lines-ls	Lines	-ls	2332	2332	150	2332	2332	2332	0	0	0	0	0	8	2324	0	0	0	0	0	0	0	0	0	0	0	0	0	0	0	0	0	2332
Lines-ps	Lines	-ps	605	0	168	0	0	0	0	0	0	0	0	0	0	592	1	12	0	0	26	0	12	0	1	0	0	361	80	68	700	499	0
Lines-ls-ps	Lines	-ls-ps	2332	2332	318	2332	2332	2332	0	0	0	0	0	8	2324	0	0	0	0	0	0	0	0	0	0	0	0	0	0	0	0	0	2332
Lines-inlinearrays-ls	Lines	-ls	2332	2332	150	2332	2332	2332	0	0	0	0	0	7	2325	0	0	0	0	0	0	0	0	0	0	0	0	0	0	0	0	0	2332
Lines-inlinearrays-ps	Lines	-ps	605	0	168	0	0	0	0	0	0	0	0	0	0	592	1	12	0	0	26	0	12	0	1	0	0	361	80	68	700	499	0
Lines-inlinearrays-ls-ps	Lines	-ls-ps	2332	2332	318	2332	2332	2332	0	0	0	0	0	8	2324	0	0	0	0	0	0	0	0	0	0	0	0	0	0	0	0	0	2332
Lines-inlinebuf-ls	Lines	-ls	2332	2332	150	2332	2332	2332	0	0	0	0	0	8	2324	0	0	0	0	0	0	0	0	0	0	0	0	0	0	0	0	0	2332
Lines-inlinebuf-ps	Lines	-ps	605	0	168	0	0	0	0	0	0	0	0	0	0	592	1	12	0	0	26	0	12	0	1	0	0	361	80	68	700	499	0
Lines-inlinebuf-ls-ps	Lines	-ls-ps	2332	2332	318	2332	2332	2332	0	0	0	0	0	8	2324	0	0	0	0	0	0	0	0	0	0	0	0	0	0	0	0	0	2332
Lines-inlineelements-ls	Lines	-ls	2332	2332	150	2332	2332	2332	0	0	0	0	0	8	2324	0	0	0	0	0	0	0	0	0	0	0	0	0	0	0	0	0	2332
Lines-inlineelements-ps	Lines	-ps	605	0	168	0	0	0	0	0	0	0	0	0	0	592	1	12	0	0	26	0	12	0	1	0	0	361	80	68	700	499	0
Lines-inlineelements-ls-ps	Lines	-ls-ps	2332	2332	318	2332	2332	2332	0	0	0	0	0	8	2324	0	0	0	0	0	0	0	0	0	0	0	0	0	0	0	0	0	2332
LineLoop-ls	LineLoop	-ls	4548	4554	150	4643	4546	4554	0	0	0	0	0	26	4522	0	0	0	0	2	0	0	0	0	0	0	0	0	0	0	0	0	4547
LineLoop-ps	LineLoop	-ps	791	0	168	0	0	0	0	0	0	0	0	0	0	720	59	12	0	0	26	0	12	17	42	18	37	427	197	185	922	568	0
LineLoop-ls-ps	LineLoop	-ls-ps	4548	4554	318	4643	4546	4554	0	0	0	0	0	26	4522	0	0	0	0	2	0	0	0	0	0	0	0	0	0	0	0	0	4547
LineLoop-inlinearrays-ls	LineLoop	-ls	4548	4554	150	4643	4546	4554	4546	0	0	0	0	0	4548	0	0	0	0	2	0	0	0	0	0	0	0	0	0	0	0	0	4547
LineLoop-inlinearrays-ps	LineLoop	-ps	791	0	168	0	0	0	0	0	0	0	0	0	0	720	59	12	0	0	26	0	12	17	42	18	37	427	197	185	922	568	0
LineLoop-inlinearrays-ls-ps	LineLoop	-ls-ps	4548	4554	318	4643	4546	4554	0	0	0	0	0	25	4523	0	0	0	0	2	0	0	0	0	0	0	0	0	0	0	0	0	4547
LineLoop-inlinebuf-ls	LineLoop	-ls	4548	4554	150	4643	4546	4554	0	0	0	0	0	26	4522	0	0	0	0	2	0	0	0	0	0	0	0	0	0	0	0	0	4547
LineLoop-inlinebuf-ps	LineLoop	-ps	791	0	168	0	0	0	0	0	0	0	0	0	0	720	59	12	0	0	26	0	12	17	42	18	37	427	197	185	922	568	0
LineLoop-inlinebuf-ls-ps	LineLoop	-ls-ps	4548	4554	318	4643	4546	4554	0	0	0	0	0	25	4523	0	0	0	0	2	0	0	0	0	0	0	0	0	0	0	0	0	4547
LineLoop-inlineelements-ls	LineLoop	-ls	4548	4554	150	4643	4546	4554	0	0	0	0	0	26	4522	0	0	0	0	2	0	0	0	0	0	0	0	0	0	0	0	0	4547
LineLoop-inlineelements-ps	LineLoop	-ps	791	0	168	0	0	0	0	0	0	0	0	0	0	720	59	12	0	0	26	0	12	17	42	18	37	427	197	185	922	568	0
LineLoop-inlineelements-ls-ps	LineLoop	-ls-ps	4548	4554	318	4643	4546	4554	0	0	0	0	0	25	4523	0	0	0	0	2	0	0	0	0	0	0	0	0	0	0	0	0	4547
LineStrip-ls	LineStrip	-ls	4032	4038	150	4104	4030	4038	0	0	0	0	0	26	4006	0	0	0	0	2	0	0	0	0	0	0	0	0	0	0	0	0	4031
LineStrip-ps	LineStrip	-ps	692	0	168	0	0	0	0	0	0	0	0	0	0	663	17	12	0	0	26	0	12	4	13	7	8	406	149	137	806	517	0
LineStrip-ls-ps	LineStrip	-ls-ps	4032	4038	318	4104	4030	4038	0	0	0	0	0	26	4006	0	0	0	0	2	0	0	0	0	0	0	0	0	0	0	0	0	4031
LineStrip-inlinearrays-ls	LineStrip	-ls	4032	4038	150	4104	4030	4038	0	0	0	0	0	25	4007	0	0	0	0	2	0	0	0	0	0	0	0	0	0	0	0	0	4031
LineStrip-inlinearrays-ps	LineStrip	-ps	692	0	168	0	0	0	0	0	0	0	0	0	0	663	17	12	0	0	26	0	12	4	13	7	8	406	149	137	806	517	0
LineStrip-inlinearrays-ls-ps	LineStrip	-ls-ps	4032	4038	318	4104	4030	4038	0	0	0	0	0	25	4007	0	0	0	0	2	0	0	0	0	0	0	0	0	0	0	0	0	4031
LineStrip-inlinebuf-ls	LineStrip	-ls	4032	4038	150	4104	4030	4038	0	0	0	0	0	26	4006	0	0	0	0	2	0	0	0	0	0	0	0	0	0	0	0	0	4031
LineStrip-inlinebuf-ps	LineStrip	-ps	692	0	168	0	0	0	0	0	0	0	0	0	0	663	17	12	0	0	26	0	12	4	13	7	8	406	149	137	806	517	0
LineStrip-inlinebuf-ls-ps	LineStrip	-ls-ps	4032	4038	318	4104	4030	4038	0	0	0	0	0	25	4007	0	0	0	0	2	0	0	0	0	0	0	0	0	0	0	0	0	4031
LineStrip-inlineelements-ls	LineStrip	-ls	4032	4038	150	4104	4030	4038	0	0	0	0	0	26	4006	0	0	0	0	2	0	0	0	0	0	0	0	0	0	0	0	0	4031
LineStrip-inlineelements-ps	LineStrip	-ps	692	0	168	0	0	0	0	0	0	0	0	0	0	663	17	12	0	0	26	0	12	4	13	7	8	406	149	137	806	517	0
LineStrip-inlineelements-ls-ps	LineStrip	-ls-ps	4032	4038	318	4104	4030	4038	0	0	0	0	0	25	4007	0	0	0	0	2	0	0	0	0	0	0	0	0	0	0	0	0	4031
Points-ls	Points	-ls	7	0	150	0	0	0	0	0	0	0	0	0	0	0	7	0	0	0	0	0	0	4	3	5	2	0	7	7	0	0	0
Points-ps	Points	-ps	7	0	168	0	0	0	0	0	0	0	0	0	0	0	7	0	0	0	0	0	0	4	3	5	2	0	7	7	0	0	0
Points-ls-ps	Points	-ls-ps	7	0	318	0	0	0	0	0	0	0	0	0	0	0	7	0	0	0	0	0	0	4	3	5	2	0	7	7	0	0	0
Points-inlinearrays-ls	Points	-ls	7	0	150	0	0	0	0	0	0	0	0	0	0	0	7	0	0	0	0	0	0	4	3	5	2	0	7	7	0	0	0
Points-inlinearrays-ps	Points	-ps	7	0	168	0	0	0	0	0	0	0	0	0	0	0	7	0	0	0	0	0	0	4	3	5	2	0	7	7	0	0	0
Points-inlinearrays-ls-ps	Points	-ls-ps	7	0	318	0	0	0	0	0	0	0	0	0	0	0	7	0	0	0	0	0	0	4	3	5	2	0	7	7	0	0	0
Points-inlinebuf-ls	Points	-ls	7	0	150	0	0	0	0	0	0	0	0	0	0	0	7	0	0	0	0	0	0	4	3	5	2	0	7	7	0	0	0
Points-inlinebuf-ps	Points	-ps	7	0	168	0	0	0	0	0	0	0	0	0	0	0	7	0	0	0	0	0	0	4	3	5	2	0	7	7	0	0	0
Points-inlinebuf-ls-ps	Points	-ls-ps	7	0	318	0	0	0	0	0	0	0	0	0	0	0	7	0	0	0	0	0	0	4	3	5	2	0	7	7	0	0	0
Points-inlineelements-ls	Points	-ls	7	0	150	0	0	0	0	0	0	0	0	0	0	0	7	0	0	0	0	0	0	4	3	5	2	0	7	7	0	0	0
Points-inlineelements-ps	Points	-ps	7	0	168	0	0	0	0	0	0	0	0	0	0	0	7	0	0	0	0	0	0	4	3	5	2	0	7	7	0	0	0
Points-inlineelements-ls-ps	Points	-ls-ps	7	0	318	0	0	0	0	0	0	0	0	0	0	0	7	0	0	0	0	0	0	4	3	5	2	0	7	7	0	0	0
Polygon-ls	Polygon	-ls	2416	0	150	0	0	0	0	0	0	0	0	0	0	0	137	2279	0	0	0	0	2279	107	30	59	76	0	2416	137	0	0	0
Polygon-ps	Polygon	-ps	3829	1652	168	1652	1652	1652	0	0	0	0	0	0	1974	0	0	1855	0	322	0	0	1855	0	0	0	0	0	1855	0	0	0	1652
Polygon-ls-ps	Polygon	-ls-ps	3829	1652	318	1652	1652	1652	0	0	0	0	0	0	1974	0	0	1855	0	322	0	0	1855	0	0	0	0	0	1855	0	0	0	1652
Polygon-inlinearrays-ls	Polygon	-ls	2416	0	150	0	0	0	0	0	0	0	0	0	0	0	137	2279	0	0	0	0	2279	107	30	59	76	0	2416	137	0	0	0
Polygon-inlinearrays-ps	Polygon	-ps	3829	1652	168	1652	1652	1652	0	0	0	0	0	0	1974	0	0	1855	0	322	0	0	1855	0	0	0	0	0	1855	0	0	0	1652
Polygon-inlinearrays-ls-ps	Polygon	-ls-ps	3829	1652	318	1652	1652	1652	0	0	0	0	0	0	1974	0	0	1855	0	322	0	0	1855	0	0	0	0	0	1855	0	0	0	1652
Polygon-inlinebuf-ls	Polygon	-ls	2416	0	150	0	0	0	0	0	0	0	0	0	0	0	137	2279	0	0	0	0	2279	107	30	59	76	0	2416	137	0	0	0
Polygon-inlinebuf-ps	Polygon	-ps	3829	1652	168	1652	1652	1652	0	0	0	0	0	0	1974	0	0	1855	0	322	0	0	1855	0	0	0	0	0	1855	0	0	0	1652
Polygon-inlinebuf-ls-ps	Polygon	-ls-ps	3829	1652	318	1652	1652	1652	0	0	0	0	0	0	1974	0	0	1855	0	322	0	0	1855	0	0	0	0	0	1855	0	0	0	1652
Polygon-inlineelements-ls	Polygon	-ls	2416	0	150	0	0	0	0	0	0	0	0	0	0	0	137	2279	0	0	0	0	2279	107	30	59	76	0	2416	137	0	0	0
Polygon-inlineelements-ps	Polygon	-ps	3829	1652	168	1652	1652	1652	0	0	0	0	0	0	1974	0	0	1855	0	322	0	0	1855	0	0	0	0	0	1855	0	0	0	1652
Polygon-inlineelements-ls-ps	Polygon	-ls-ps	3829	1652	318	1652	1652	1652	0	0	0	0	0	0	1974	0	0	1855	0	322	0	0	1855	0	0	0	0	0	1855	0	0	0	1652
QuadStrip-ls	QuadStrip	-ls	9697	0	150	0	0	0	0	0	0	0	0	0	0	4565	293	4839	0	0	4565	0	4839	120	173	181	107	162	6522	293	4802	0	0
QuadStrip-ps	QuadStrip	-ps	11146	1796	168	1796	1796	1796	0	0	0	0	0	0	2172	4362	0	4612	0	376	4362	0	4612	0	0	0	0	124	5933	0	4592	0	1796
QuadStrip-ls-ps	QuadStrip	-ls-ps	11146	1796	318	1796	1796	1796	0	0	0	0	0	0	2172	4362	0	4612	0	376	4362	0	4612	0	0	0	0	124	5933	0	4592	0	1796
QuadStrip-inlinearrays-ls	QuadStrip	-ls	9697	0	150	0	0	0	0	0	0	0	0	0	0	4565	293	4839	0	0	4565	0	4839	120	173	181	107	162	6522	293	4802	0	0
QuadStrip-inlinearrays-ps	QuadStrip	-ps	11146	1796	168	1796	1796	1796	0	0	0	0	0	0	2172	4362	0	4612	0	376	4362	0	4612	0	0	0	0	124	5933	0	4592	0	1796
QuadStrip-inlinearrays-ls-ps	QuadStrip	-ls-ps	11146	1796	318	1796	1796	1796	0	0	0	0	0	0	2172	4362	0	4612	0	376	4362	0	4612	0	0	0	0	124	5933	0	4592	0	1796
QuadStrip-inlinebuf-ls	QuadStrip	-ls	9697	0	150	0	0	0	0	0	0	0	0	0	0	4565	293	4839	0	0	4565	0	4839	120	173	181	107	162	6522	293	4802	0	0
QuadStrip-inlinebuf-ps	QuadStrip	-ps	11146	1796	168	1796	1796	1796	0	0	0	0	0	0	2172	4362	0	4612	0	376	4362	0	4612	0	0	0	0	124	5933	0	4592	0	1796
QuadStrip-inlinebuf-ls-ps	QuadStrip	-ls-ps	11146	1796	318	1796	1796	1796	0	0	0	0	0	0	2172	4362	0	4612	0	376	4362	0	4612	0	0	0	0	124	5933	0	4592	0	1796
QuadStrip-inlineelements-ls	QuadStrip	-ls	9697	0	150	0	0	0	0	0	0	0	0	0	0	4565	293	4839	0	0	4565	0	4839	120	173	181	107	162	6522	293	4802	0	0
QuadStrip-inlineelements-ps	QuadStrip	-ps	11146	1796	168	1796	1796	1796	0	0	0	0	0	0	2172	4362	0	4612	0	376	4362	0	4612	0	0	0	0	124	5933	0	4592	0	1796
QuadStrip-inlineelements-ls-ps	QuadStrip	-ls-ps	11146	1796	318	1796	1796	1796	0	0	0	0	0	0	2172	4362	0	4612	0	376	4362	0	4612	0	0	0	0	124	5933	0	4592	0	1796
Quads-ls	Quads	-ls	454	0	150	0	0	0	0	0	0	0	0	0	0	224	230	0	0	0	224	0	0	135	95	130	96	5	354	230	1900	0	0
Quads-ps	Quads	-ps	1903	1680	168	1680	1680	1680	0	0	0	0	0	0	1689	214	0	0	0	9	214	0	0	0	0	0	0	4	122	0	1718	0	1680
Quads-ls-ps	Quads	-ls-ps	1903	1680	318	1680	1680	1680	0	0	0	0	0	0	1689	214	0	0	0	9	214	0	0	0	0	0	0	4	122	0	1718	0	1680
Quads-inlinearrays-ls	Quads	-ls	454	0	150	0	0	0	0	0	0	0	0	0	0	224	230	0	0	0	224	0	0	135	95	130	96	5	354	230	1900	0	0
Quads-inlinearrays-ps	Quads	-ps	1903	1680	168	1680	1680	1680	0	0	0	0	0	0	1689	214	0	0	0	9	214	0	0	0	0	0	0	4	122	0	1718	0	1680
Quads-inlinearrays-ls-ps	Quads	-ls-ps	1903	1680	318	1680	1680	1680	0	0	0	0	0	0	1689	214	0	0	0	9	214	0	0	0	0	0	0	4	122	0	1718	0	1680
Quads-inlinebuf-ls	Quads	-ls	454	0	150	0	0	0	0	0	0	0	0	0	0	224	230	0	0	0	224	0	0	135	95	130	96	5	354	230	1900	0	0
Quads-inlinebuf-ps	Quads	-ps	1903	1680	168	1680	1680	1680	0	0	0	0	0	0	1689	214	0	0	0	9	214	0	0	0	0	0	0	4	122	0	1718	0	1680
Quads-inlinebuf-ls-ps	Quads	-ls-ps	1903	1680	318	1680	1680	1680	0	0	0	0	0	0	1689	214	0	0	0	9	214	0	0	0	0	0	0	4	122	0	1718	0	1680
Quads-inlineelements-ls	Quads	-ls	454	0	150	0	0	0	0	0	0	0	0	0	0	224	230	0	0	0	224	0	0	135	95	130	96	5	354	230	1900	0	0
Quads-inlineelements-ps	Quads	-ps	1903	1680	168	1680	1680	1680	0	0	0	0	0	0	1689	214	0	0	0	9	214	0	0	0	0	0	0	4	122	0	1718	0	1680
Quads-inlineelements-ls-ps	Quads	-ls-ps	1903	1680	318	1680	1680	1680	0	0	0	0	0	0	1689	214	0	0	0	9	214	0	0	0	0	0	0	4	122	0	1718	0	1680
TriFan-ls	TriFan	-ls	13902	0	150	0	0	0	0	0	0	0	0	0	0	4450	2468	6984	0	0	4263	1927	6984	700	1768	2002	137	328	11946	728	4455	0	0
TriFan-ps	TriFan	-ps	14994	1508	168	1508	1508	1508	0	0	0	0	0	0	2654	4210	1833	6297	0	1060	4052	1535	6297	451	1382	1530	34	254	10486	456	4210	0	1508
TriFan-ls-ps	TriFan	-ls-ps	14994	1508	318	1508	1508	1508	0	0	0	0	0	0	2654	4210	1833	6297	0	1060	4052	1535	6297	451	1382	1530	34	254	10486	456	4210	0	1508
TriFan-inlinearrays-ls	TriFan	-ls	13902	0	150	0	0	0	0	0	0	0	0	0	0	4450	2468	6984	0	0	4263	1927	6984	700	1768	2002	137	328	11946	728	4455	0	0
TriFan-inlinearrays-ps	TriFan	-ps	14994	1508	168	1508	1508	1508	0	0	0	0	0	0	2654	4210	1833	6297	0	1060	4052	1535	6297	451	1382	1530	34	254	10486	456	4210	0	1508
TriFan-inlinearrays-ls-ps	TriFan	-ls-ps	14994	1508	318	1508	1508	1508	0	0	0	0	0	0	2654	4210	1833	6297	0	1060	4052	1535	6297	451	1382	1530	34	254	10486	456	4210	0	1508
TriFan-inlinebuf-ls	TriFan	-ls	13902	0	150	0	0	0	0	0	0	0	0	0	0	4450	2468	6984	0	0	4263	1927	6984	700	1768	2002	137	328	11946	728	4455	0	0
TriFan-inlinebuf-ps	TriFan	-ps	14994	1508	168	1508	1508	1508	0	0	0	0	0	0	2654	4210	1833	6297	0	1060	4052	1535	6297	451	1382	1530	34	254	10486	456	4210	0	1508
TriFan-inlinebuf-ls-ps	TriFan	-ls-ps	14994	1508	318	1508	1508	1508	0	0	0	0	0	0	2654	4210	1833	6297	0	1060	4052	1535	6297	451	1382	1530	34	254	10486	456	4210	0	1508
TriFan-inlineelements-ls	TriFan	-ls	13902	0	150	0	0	0	0	0	0	0	0	0	0	4450	2468	6984	0	0	4263	1927	6984	700	1768	2002	137	328	11946	728	4455	0	0
TriFan-inlineelements-ps	TriFan	-ps	14994	1508	168	1508	1508	1508	0	0	0	0	0	0	2654	4210	1833	6297	0	1060	4052	1535	6297	451	1382	1530	34	254	10486	456	4210	0	1508
TriFan-inlineelements-ls-ps	TriFan	-ls-ps	14994	1508	318	1508	1508	1508	0	0	0	0	0	0	2654	4210	1833	6297	0	1060	4052	1535	6297	451	1382	1530	34	254	10486	456	4210	0	1508
TriStrip-ls	TriStrip	-ls	9220	0	150	0	0	0	0	0	0	0	0	0	0	2530	768	5922	0	0	1271	637	5922	84	684	370	78	74	9076	1390	3280	0	0
TriStrip-ps	TriStrip	-ps	10548	1694	168	1694	1694	1694	0	0	0	0	0	0	2363	2281	588	5316	0	606	1097	588	5316	13	575	282	13	30	8057	1184	2995	0	1694
TriStrip-ls-ps	TriStrip	-ls-ps	10548	1694	318	1694	1694	1694	0	0	0	0	0	0	2363	2281	588	5316	0	606	1097	588	5316	13	575	282	13	30	8057	1184	2995	0	1694
TriStrip-inlinearrays-ls	TriStrip	-ls	9220	0	150	0	0	0	0	0	0	0	0	0	0	2530	768	5922	0	0	1271	637	5922	84	684	370	78	74	9076	1390	3280	0	0
TriStrip-inlinearrays-ps	TriStrip	-ps	10548	1694	168	1694	1694	1694	0	0	0	0	0	0	2363	2281	588	5316	0	606	1097	588	5316	13	575	282	13	30	8057	1184	2995	0	1694
TriStrip-inlinearrays-ls-ps	TriStrip	-ls-ps	10548	1694	318	1694	1694	1694	0	0	0	0	0	0	2363	2281	588	5316	0	606	1097	588	5316	13	575	282	13	30	8057	1184	2995	0	1694
TriStrip-inlinebuf-ls	TriStrip	-ls	9220	0	150	0	0	0	0	0	0	0	0	0	0	2530	768	5922	0	0	1271	637	5922	84	684	370	78	74	9076	1390	3280	0	0
TriStrip-inlinebuf-ps	TriStrip	-ps	10548	1694	168	1694	1694	1694	0	0	0	0	0	0	2363	2281	588	5316	0	606	1097	588	5316	13	575	282	13	30	8057	1184	2995	0	1694
TriStrip-inlinebuf-ls-ps	TriStrip	-ls-ps	10548	1694	318	1694	1694	1694	0	0	0	0	0	0	2363	2281	588	5316	0	606	1097	588	5316	13	575	282	13	30	8057	1184	2995	0	1694
TriStrip-inlineelements-ls	TriStrip	-ls	9220	0	150	0	0	0	0	0	0	0	0	0	0	2530	768	5922	0	0	1271	637	5922	84	684	370	78	74	9076	1390	3280	0	0
TriStrip-inlineelements-ps	TriStrip	-ps	10548	1694	168	1694	1694	1694	0	0	0	0	0	0	2363	2281	588	5316	0	606	1097	588	5316	13	575	282	13	30	8057	1184	2995	0	1694
TriStrip-inlineelements-ls-ps	TriStrip	-ls-ps	10548	1694	318	1694	1694	1694	0	0	0	0	0	0	2363	2281	588	5316	0	606	1097	588	5316	13	575	282	13	30	8057	1184	2995	0	1694
Triangles-ls	Triangles	-ls	1524	0	150	0	0	0	0	0	0	0	0	0	0	70	162	1292	0	0	46	6	1292	75	87	81	75	9	1511	180	87	0	0
Triangles-ps	Triangles	-ps	2725	1389	168	1389	1389	1389	0	0	0	0	0	0	1604	53	4	1064	0	208	36	4	1064	0	4	1	1	3	1112	17	67	0	1389
Triangles-ls-ps	Triangles	-ls-ps	2725	1389	318	1389	1389	1389	0	0	0	0	0	0	1604	53	4	1064	0	208	36	4	1064	0	4	1	1	3	1112	17	67	0	1389
Triangles-inlinearrays-ls	Triangles	-ls	1524	0	150	0	0	0	0	0	0	0	0	0	0	70	162	1292	0	0	46	6	1292	75	87	81	75	9	1511	180	87	0	0
Triangles-inlinearrays-ps	Triangles	-ps	2725	1389	168	1389	1389	1389	0	0	0	0	0	0	1604	53	4	1064	0	208	36	4	1064	0	4	1	1	3	1112	17	67	0	1389
Triangles-inlinearrays-ls-ps	Triangles	-ls-ps	2725	1389	318	1389	1389	1389	0	0	0	0	0	0	1604	53	4	1064	0	208	36	4	1064	0	4	1	1	3	1112	17	67	0	1389
Triangles-inlinebuf-ls	Triangles	-ls	1524	0	150	0	0	0	0	0	0	0	0	0	0	70	162	1292	0	0	46	6	1292	75	87	81	75	9	1511	180	87	0	0
Triangles-inlinebuf-ps	Triangles	-ps	2725	1389	168	1389	1389	1389	0	0	0	0	0	0	1604	53	4	1064	0	208	36	4	1064	0	4	1	1	3	1112	17	67	0	1389
Triangles-inlinebuf-ls-ps	Triangles	-ls-ps	2725	1389	318	1389	1389	1389	0	0	0	0	0	0	1604	53	4	1064	0	208	36	4	1064	0	4	1	1	3	1112	17	67	0	1389
Triangles-inlineelements-ls	Triangles	-ls	1524	0	150	0	0	0	0	0	0	0	0	0	0	70	162	1292	0	0	46	6	1292	75	87	81	75	9	1511	180	87	0	0
Triangles-inlineelements-ps	Triangles	-ps	2725	1389	168	1389	1389	1389	0	0	0	0	0	0	1604	53	4	1064	0	208	36	4	1064	0	4	1	1	3	1112	17	67	0	1389
Triangles-inlineelements-ls-ps	Triangles	-ls-ps	2725	1389	318	1389	1389	1389	0	0	0	0	0	0	1604	53	4	1064	0	208	36	4	1064	0	4	1	1	3	1112	17	67	0	1389
