id	dir	utc	requester	kind	device	title	route	req_s	held_s	cool_s	over_s	steps	marks	ended	gameplay_s	pass	pass_kind	failing	human_review	rframes	frames	post_frames	post_span_s	withdrawn	void	owner_accepted	err	auto	class	review	purpose
0-0-y-1790404523-titlebench-1	0-0-y-1790404523-titlebench-1	09-26 06:35	host-titlebench	bench	nova	4541000D-007_Agent_Under_Fire.xiso.iso		240	240	0	0	0		0						0	24	0	0			0		n	n		owner ask 2026-09-26: overnight title benchmark batch (console -> handheld): 007: Agent Under Fire, hands-off 240 s
0-0-y-1790405024-titlebench-2	0-0-y-1790405024-titlebench-2	09-26 06:43	host-titlebench	bench	thor	4D530013-Blinx_The_Time_Sweeper.xiso.iso		240	240	0	0	0		0						0	24	0	0			0		n	n		owner ask 2026-09-26: overnight title benchmark batch (console -> handheld): Blinx: The Time Sweeper, hands-off 240 s
0-0-y-1790405804-titlebench-3	0-0-y-1790405804-titlebench-3	09-26 06:56	host-titlebench	bench	nova	54430007-Dead_or_Alive_Xtreme_Beach_Voll		240	170	0	0	0		0						0	17	0	0			0	guest exited after 170s of 240s	n	n		owner ask 2026-09-26: overnight title benchmark batch (console -> handheld): Dead or Alive Xtreme Beach Volleyball, hand
0-0-y-1790406179-titlebench-4	0-0-y-1790406179-titlebench-4	09-26 07:02	host-titlebench	bench	thor	45410083-Black.xiso.iso		240	240	0	0	0		0						0	24	0	0			0		n	n		owner ask 2026-09-26: overnight title benchmark batch (console -> handheld): Black, hands-off 240 s
0-0-y-1790406549-titlebench-5	0-0-y-1790406549-titlebench-5	09-26 07:09	host-titlebench	bench	nova	45410026-007_Nightfire.xiso.iso		240	240	0	0	0		0						0	24	0	0			0		n	n		owner ask 2026-09-26: overnight title benchmark batch (console -> handheld): 007: Nightfire, hands-off 240 s
0-0-y-1790406733-titlebench-3r	0-0-y-1790406733-titlebench-3r	09-26 07:12	host-titlebench	bench	nova	54430007-Dead_or_Alive_Xtreme_Beach_Voll		240	45	0	0	0		0						0	5	0	0			0	guest exited after 45s of 240s	n	n		owner ask 2026-09-26: overnight title benchmark batch (console -> handheld): Dead or Alive Xtreme Beach Volleyball, hand
0-0-y-1790407115-titlebench-6	0-0-y-1790407115-titlebench-6	09-26 07:18	host-titlebench	bench	thor	4D530003-Project_Gotham_Racing.xiso.iso		240	240	0	0	0		0						0	24	0	0			0		n	n		owner ask 2026-09-26: overnight title benchmark batch (console -> handheld): Project Gotham Racing, hands-off 240 s
0-0-y-1790407716-titlebench-7	0-0-y-1790407716-titlebench-7	09-26 07:28	host-titlebench	bench	nova	4541005D-GoldenEye_Rogue_Agent.xiso.iso		240	60	0	0	0		0						0	6	0	0			0	guest exited after 60s of 240s	n	n		owner ask 2026-09-26: overnight title benchmark batch (console -> handheld): GoldenEye: Rogue Agent, hands-off 240 s
0-0-y-1790408503-titlebench-8	0-0-y-1790408503-titlebench-8	09-26 07:41	host-titlebench	bench	thor	4D53006E-Forza_Motorsport.xiso.iso		240	240	0	0	0		0						0	24	0	0			0		n	n		owner ask 2026-09-26: overnight title benchmark batch (console -> handheld): Forza Motorsport, hands-off 240 s
0-0-y-1790409100-titlebench-7r	0-0-y-1790409100-titlebench-7r	09-26 07:51	host-titlebench	bench	nova	4541005D-GoldenEye_Rogue_Agent.xiso.iso		240	50	0	0	0		0						0	6	0	0			0	guest exited after 50s of 240s	n	n		owner ask 2026-09-26: overnight title benchmark batch (console -> handheld): GoldenEye: Rogue Agent, hands-off 240 s (re
0-0-y-1790409600-titlebench-9	0-0-y-1790409600-titlebench-9	09-26 08:00	host-titlebench	bench	nova	56550042-50_Cent_Bulletproof.xiso.iso		240	75	0	0	0		0						0	9	0	0			0	guest exited after 75s of 240s	n	n		owner ask 2026-09-26: overnight title benchmark batch (console -> handheld): 50 Cent: Bulletproof, hands-off 240 s
0-0-y-1790409817-titlebench-10	0-0-y-1790409817-titlebench-10	09-26 08:03	host-titlebench	bench	thor	45530018-25_to_Life.xiso.iso		240	165	0	0	0		0						0	16	0	0			0	guest exited after 165s of 240s	n	n		owner ask 2026-09-26: overnight title benchmark batch (console -> handheld): 25 to Life, hands-off 240 s
0-0-y-1790410659-titlebench-11	0-0-y-1790410659-titlebench-11	09-26 08:17	host-titlebench	bench	nova	5451000D-WWE_Raw_2.xiso.iso		240	240	0	0	0		0						0	24	0	0			0		n	n		owner ask 2026-09-26: overnight title benchmark batch (console -> handheld): WWE Raw 2, hands-off 240 s
0-0-y-1790411098-titlebench-12	0-0-y-1790411098-titlebench-12	09-26 08:24	host-titlebench	bench	thor	4541005B-Burnout_3_Takedown.xiso.iso		240	240	0	0	0		0						0	24	0	0			0		n	n		owner ask 2026-09-26: overnight title benchmark batch (console -> handheld): Burnout 3: Takedown, hands-off 240 s
0-0-y-1790411492-titlebench-13	0-0-y-1790411492-titlebench-13	09-26 08:31	host-titlebench	bench	nova	4156005D-Call_of_Duty_3.xiso.iso		240	240	0	0	0		0						0	24	0	0			0		n	n		owner ask 2026-09-26: overnight title benchmark batch (console -> handheld): Call of Duty 3, hands-off 240 s
0-0-y-1790411511-titlebench-9r	0-0-y-1790411511-titlebench-9r	09-26 08:31	host-titlebench	bench	nova	56550042-50_Cent_Bulletproof.xiso.iso		240	240	0	0	0		0						0	24	0	0			0		n	n		owner ask 2026-09-26: overnight title benchmark batch (console -> handheld): 50 Cent: Bulletproof, hands-off 240 s (re-q
0-0-y-1790411512-titlebench-10r	0-0-y-1790411512-titlebench-10r	09-26 08:31	host-titlebench	bench	thor	45530018-25_to_Life.xiso.iso		240	240	0	0	0		0						0	24	0	0			0		n	n		owner ask 2026-09-26: overnight title benchmark batch (console -> handheld): 25 to Life, hands-off 240 s (re-queued once
0-0-y-1790413062-titlebench-14	0-0-y-1790413062-titlebench-14	09-26 08:57	host-titlebench	bench	thor	4D53004B-Project_Gotham_Racing_2.xiso.is		240	240	0	0	0		0						0	24	0	0			0		n	n		owner ask 2026-09-26: overnight title benchmark batch (console -> handheld): Project Gotham Racing 2, hands-off 240 s
0-0-y-1790413479-titlebench-15	0-0-y-1790413479-titlebench-15	09-26 09:04	host-titlebench	bench	nova	45410076-Burnout_Revenge.xiso.iso		240	240	0	0	0		0						0	24	0	0			0		n	n		owner ask 2026-09-26: overnight title benchmark batch (console -> handheld): Burnout Revenge, hands-off 240 s
0-0-y-1790414139-titlebench-16	0-0-y-1790414139-titlebench-16	09-26 09:15	host-titlebench	bench	thor	4D530065-Blinx_2_Battle_of_Time_Space_Bl		240	240	0	0	0		0						0	23	0	0			0		n	n		owner ask 2026-09-26: overnight title benchmark batch (console -> handheld): Blinx 2: Battle of Time & Space ~ Blinx 2: 
0-0-y-1790414875-titlebench-17	0-0-y-1790414875-titlebench-17	09-26 09:27	host-titlebench	bench	nova	54430006-Dead_or_Alive_1_Ultimate.xiso.i		240	240	0	0	0		0						0	24	0	0			0		n	n		owner ask 2026-09-26: overnight title benchmark batch (console -> handheld): Dead or Alive 1 Ultimate, hands-off 240 s
0-0-y-1790415671-titlebench-18	0-0-y-1790415671-titlebench-18	09-26 09:41	host-titlebench	bench	thor	56550016-Bruce_Lee_Quest_of_the_Dragon.x		240	240	0	0	0		0						0	24	0	0			0		n	n		owner ask 2026-09-26: overnight title benchmark batch (console -> handheld): Bruce Lee: Quest of the Dragon, hands-off 2
0-0-y-1790416268-titlebench-19	0-0-y-1790416268-titlebench-19	09-26 09:51	host-titlebench	bench	nova	54540079-Midnight_Club_3_DUB_Edition.xis		240	240	0	0	0		0						0	24	0	0			0		n	n		owner ask 2026-09-26: overnight title benchmark batch (console -> handheld): Midnight Club 3: DUB Edition, hands-off 240
0-0-y-1790416653-titlebench-20	0-0-y-1790416653-titlebench-20	09-26 09:57	host-titlebench	bench	thor	56550036-Crash_Twinsanity.xiso.iso		240	240	0	0	0		0						0	24	0	0			0		n	n		owner ask 2026-09-26: overnight title benchmark batch (console -> handheld): Crash Twinsanity, hands-off 240 s
0-0-y-1790417579-titlebench-followup-1	0-0-y-1790417579-titlebench-followup-1	09-26 10:12	host-titlebench	other	nova	54430007-Dead_or_Alive_Xtreme_Beach_Voll		240	243	0	0	0		0						0	22	0	0			0		n	n		owner ask 2026-09-26, title batch follow-up: Dead or Alive Xtreme -- rerun after the dispatcher fast-forward (adb-livene
0-0-y-1790417579-titlebench-followup-2	0-0-y-1790417579-titlebench-followup-2	09-26 10:12	host-titlebench	other	nova	4541005D-GoldenEye_Rogue_Agent.xiso.iso		240	243	0	0	0		0						0	22	0	0			0		n	n		owner ask 2026-09-26, title batch follow-up: GoldenEye -- rerun after the dispatcher fast-forward (adb-liveness retry li
0-0-y-1790417579-titlebench-followup-3	0-0-y-1790417579-titlebench-followup-3	09-26 10:12	host-titlebench	bench	thor	4D53004B-Project_Gotham_Racing_2.xiso.is		600	601	0	0	0		0						0	53	0	0			0		n	n		owner ask 2026-09-26, title batch follow-up: Project Gotham Racing 2 -- decay check: median 22 gfps but 7-11 in the last
0-0-y-1790433159-titleplay-p1-25tolife	0-0-y-1790433159-titleplay-p1-25tolife	09-26 14:32	titleplay	survey	thor	45530018-25_to_Life.xiso.iso	survey	420	424	0	0	179	booted,booted:,booted:,play	1						33	0	3	85			0		m	m		#397 gameplay fps, p1: 25tolife on the survey route
0-0-y-1790433159-titleplay-p1-50cent	0-0-y-1790433159-titleplay-p1-50cent	09-26 14:32	titleplay	survey	nova	56550042-50_Cent_Bulletproof.xiso.iso	survey	420	424	0	0	220	booted,play	1						36	0	4	139			0		m	m		#397 gameplay fps, p1: 50cent on the survey route
0-0-y-1790433159-titleplay-p1-aufire	0-0-y-1790433159-titleplay-p1-aufire	09-26 14:32	titleplay	survey	nova	4541000D-007_Agent_Under_Fire.xiso.iso	survey	420	424	0	0	132	booted,play	1						26	0	2	80			0		m	m		#397 gameplay fps, p1: aufire on the survey route
0-0-y-1790433159-titleplay-p1-black	0-0-y-1790433159-titleplay-p1-black	09-26 14:32	titleplay	survey	thor	45410083-Black.xiso.iso	survey	420	423	0	0	261	booted,play	1						38	0	6	163			0		m	m		#397 gameplay fps, p1: black on the survey route
0-0-y-1790433159-titleplay-p1-blinx	0-0-y-1790433159-titleplay-p1-blinx	09-26 14:32	titleplay	survey	thor	4D530013-Blinx_The_Time_Sweeper.xiso.iso	survey	420	426	0	0	240	booted,play	1						37	0	5	137			0		m	m		#397 gameplay fps, p1: blinx on the survey route
0-0-y-1790433159-titleplay-p1-blinx2	0-0-y-1790433159-titleplay-p1-blinx2	09-26 14:32	titleplay	survey	thor	4D530065-Blinx_2_Battle_of_Time_Space_Bl	survey	420	425	0	0	249	booted,play	1						38	0	6	166			0		m	m		#397 gameplay fps, p1: blinx2 on the survey route
0-0-y-1790433159-titleplay-p1-brucelee	0-0-y-1790433159-titleplay-p1-brucelee	09-26 14:32	titleplay	survey	thor	56550016-Bruce_Lee_Quest_of_the_Dragon.x	survey	420	422	0	0	238	booted,play	1						37	0	5	137			0		m	m		#397 gameplay fps, p1: brucelee on the survey route
0-0-y-1790433159-titleplay-p1-burnout-rev	0-0-y-1790433159-titleplay-p1-burnout-rev	09-26 14:32	titleplay	survey	nova	45410076-Burnout_Revenge.xiso.iso	survey	420	421	0	0	265	booted,play	1						38	0	6	156			0		m	m		#397 gameplay fps, p1: burnout-rev on the survey route
0-0-y-1790433159-titleplay-p1-burnout3	0-0-y-1790433159-titleplay-p1-burnout3	09-26 14:32	titleplay	survey	thor	4541005B-Burnout_3_Takedown.xiso.iso	survey	420	420	0	0	251	booted,play	1						38	0	6	160			0		m	m		#397 gameplay fps, p1: burnout3 on the survey route
0-0-y-1790433159-titleplay-p1-cod3	0-0-y-1790433159-titleplay-p1-cod3	09-26 14:32	titleplay	survey	nova	4156005D-Call_of_Duty_3.xiso.iso	survey	420	422	0	0	261	booted,play	1						38	0	6	159			0		m	m		#397 gameplay fps, p1: cod3 on the survey route
0-0-y-1790433159-titleplay-p1-crimson	0-0-y-1790433159-titleplay-p1-crimson	09-26 14:32	titleplay	bench	thor	Crimson Skies - High Road to Revenge (US	crimson-skies	420	423	0	0	39	booted,gameplay	1						4	0	2	269			0		m	m		#397 gameplay fps, p1: crimson on the crimson-skies route
0-0-y-1790433159-titleplay-p1-doa1u	0-0-y-1790433159-titleplay-p1-doa1u	09-26 14:32	titleplay	survey	nova	54430006-Dead_or_Alive_1_Ultimate.xiso.i	survey	420	434	0	0	242	booted,play	1						37	0	5	133			0		m	m		#397 gameplay fps, p1: doa1u on the survey route
0-0-y-1790433159-titleplay-p1-doa3	0-0-y-1790433159-titleplay-p1-doa3	09-26 14:32	titleplay	survey	thor	Dead or Alive 3 (USA) (En,Ja).xiso.iso	survey	420	421	0	0	253	booted,play	1						38	0	6	164			0		m	m		#397 gameplay fps, p1: doa3 on the survey route
0-0-y-1790433159-titleplay-p1-doax	0-0-y-1790433159-titleplay-p1-doax	09-26 14:32	titleplay	survey	nova	54430007-Dead_or_Alive_Xtreme_Beach_Voll	survey	420	422	0	0	194	booted,play	1						34	0	4	127			0		m	m		#397 gameplay fps, p1: doax on the survey route
0-0-y-1790433159-titleplay-p1-forza	0-0-y-1790433159-titleplay-p1-forza	09-26 14:32	titleplay	survey	thor	4D53006E-Forza_Motorsport.xiso.iso	survey	420	421	0	0	251	booted,play	1						38	0	6	168			0		m	m		#397 gameplay fps, p1: forza on the survey route
0-0-y-1790433159-titleplay-p1-fuzion	0-0-y-1790433159-titleplay-p1-fuzion	09-26 14:32	titleplay	bench	thor	Fuzion Frenzy (USA).xiso.iso	fuzion-frenzy	420	0	0	0	0		0						0	0	0	0		title not on device: /storage/388C-68F7/ROMS/xbox/Fuzion Frenzy (USA).xiso.iso	0		e:other	e:other		#397 gameplay fps, p1: fuzion on the fuzion-frenzy route
0-0-y-1790433159-titleplay-p1-galleon	0-0-y-1790433159-titleplay-p1-galleon	09-26 14:32	titleplay	survey	thor	Galleon (USA).xiso.iso	survey	420	424	0	0	255	booted,play	1						38	0	6	165			0		m	m		#397 gameplay fps, p1: galleon on the survey route
1790467152-titlebench-2601473	1790467152-titlebench-2601473	09-26 23:59	titlebench	survey	thor	45530018-25_to_Life.xiso.iso	survey	420	424	0	0	274	booted,play	1						39	0	7	182			0		m	m		#397 0.5 gameplay fps benchmark: 25tolife on thor (owner 09-26 16:40; pass-1 gameplay title)
1790467152-titlebench-2601696	1790467152-titlebench-2601696	09-26 23:59	titlebench	survey	thor	4D530065-Blinx_2_Battle_of_Time_Space_Bl	survey	420	425	0	0	263	booted,play	1						38	0	6	158			0		m	m		#397 0.5 gameplay fps benchmark: blinx2 on thor (owner 09-26 16:40; pass-1 gameplay title)
1790467153-titlebench-2601931	1790467153-titlebench-2601931	09-26 23:59	titlebench	bench	thor	Crimson Skies - High Road to Revenge (US	crimson-skies	420	421	0	0	41	booted,gameplay	1						4	0	2	254			0		m	m		#397 0.5 gameplay fps benchmark: crimson-thor on thor (owner 09-26 16:40; pass-1 gameplay title)
1790467160-titlebench-2612149	1790467160-titlebench-2612149	09-26 23:59	titlebench	bench	nova	Crimson Skies - High Road to Revenge (US	crimson-skies	420	423	0	0	41	booted,gameplay	1	307.6	False	screening	duration: 308 s of gameplay < 600 s screening		4	0	2	260			0		c	c		#397 0.5 gameplay fps benchmark: crimson-nova on nova (owner 09-26 16:40; pass-1 gameplay title)
1790467160-titlebench-2612497	1790467160-titlebench-2612497	09-26 23:59	titlebench	survey	nova	4541000D-007_Agent_Under_Fire.xiso.iso	survey	420	421	0	0	286	booted,play	1						39	0	7	177			0		m	m		#397 0.5 gameplay fps benchmark: aufire on nova (owner 09-26 16:40; pass-1 gameplay title)
1790467161-titlebench-2612887	1790467161-titlebench-2612887	09-26 23:59	titlebench	survey	thor	4D530013-Blinx_The_Time_Sweeper.xiso.iso	survey	420	421	0	0	233	booted,play	1						37	0	5	135			0		m	m		#397 0.5 gameplay fps benchmark: blinx on thor (owner 09-26 16:40; pass-1 gameplay title)
1790467161-titlebench-2613303	1790467161-titlebench-2613303	09-26 23:59	titlebench	bench	thor	4D53006E-Forza_Motorsport.xiso.iso	forza414	420	425	0	0	263	booted,play	1						38	0	6	162			0		m	m		#397 0.5 gameplay fps benchmark: forza on thor (owner 09-26 16:40; pass-1 gameplay title)
1790467161-titlebench-2613663	1790467161-titlebench-2613663	09-26 23:59	titlebench	survey	nova	54430006-Dead_or_Alive_1_Ultimate.xiso.i	survey	420	424	0	0	278	booted,play	1						39	0	7	179			0		m	m		#397 0.5 gameplay fps benchmark: doa1u on nova (owner 09-26 16:40; pass-1 gameplay title)
1790467161-titlebench-2614040	1790467161-titlebench-2614040	09-26 23:59	titlebench	survey	nova	4156005D-Call_of_Duty_3.xiso.iso	survey	420	422	0	0	276	booted,play	1						39	0	7	179			0		m	m		#397 0.5 gameplay fps benchmark: cod3 on nova (owner 09-26 16:40; pass-1 gameplay title)
1790469733-titlebench-3698247	1790469733-titlebench-3698247	09-27 00:42	titlebench	bench	thor	4541005B-Burnout_3_Takedown.xiso.iso	burnout3.returning	420	425	0	0	169	profile-loaded,gameplay	1						10	0	0	0			0		m	m		#397 0.5 gameplay fps benchmark: burnout3-thor on thor (owner 09-26 16:40; lane.titlestate returning route reached gamep
1-1790481308-titlebench-2892494	1-1790481308-titlebench-2892494	09-27 03:55	titlebench	bench	nova	43560001-Kabuki_Warriors.xiso.iso	kabuki-warriors	300	305	0	0	287	gameplay	1						16	0	0	0			0		m	m		#397 0.5 gameplay fps benchmark: kabuki-warriors route (lane.titleroutes PR #455) on nova, MAX regimen
1-1790481308-titlebench-2892825	1-1790481308-titlebench-2892825	09-27 03:55	titlebench	bench	nova	45410026-007_Nightfire.xiso.iso	nightfire	300	301	0	0	771	gameplay	1						6	0	0	0			0		m	m		#397 0.5 gameplay fps benchmark: nightfire route (lane.titleroutes PR #455) on nova, MAX regimen
1-1790481308-titlebench-2893125	y-1790481308-titlebench-2893125	09-27 03:55	titlebench	bench	nova	4541005D-GoldenEye_Rogue_Agent.xiso.iso	goldeneye-ra.first-run	300	303	0	0	99	profile-created	1	0.0	False	screening	reached_gameplay: no `mark gameplay` in logcat		17	0	7	143			0		c	c		#397 0.5 gameplay fps benchmark: goldeneye-ra.first-run route (lane.titleroutes PR #455) on thor, MAX regimen
1-1790481308-titlebench-2893458	y-1790481308-titlebench-2893458	09-27 03:55	titlebench	bench	nova	54430007-Dead_or_Alive_Xtreme_Beach_Voll	doax	300	303	0	0	108	gameplay	1	2.8	False	screening	duration: 3 s of gameplay < 600 s screening		23	0	0	0			0		c	c		#397 0.5 gameplay fps benchmark: doax route (lane.titleroutes PR #455) on thor, MAX regimen
1-1790482534-titleroutes-3347838	1-1790482534-titleroutes-3347838	09-27 04:15	titleroutes	bench	thor	45410083-Black.xiso.iso	black.returning	300	304	0	0	47	profile-loaded	1						13	0	3	51			0		m	m		#397 0.5 gameplay fps benchmark: black.returning route (lane.titleroutes PR #466) on thor, MAX regimen
1-1790482599-titleroutes-3358750	1-1790482599-titleroutes-3358750	09-27 04:16	titleroutes	bench	thor	45410083-Black.xiso.iso	black.returning	760	762	0	0	557	profile-loaded,gameplay	1	290.9	False	screening	duration: 291 s of gameplay < 600 s screening		18	0	0	0			0		c	c		#397 0.5 gameplay fps benchmark: black.returning route (lane.titleroutes PR #466) on thor, MAX regimen, 300 s after the 
1-1790483525-titleroutes-3587419	1-1790483525-titleroutes-3587419	09-27 04:32	titleroutes	bench	thor	4D530003-Project_Gotham_Racing.xiso.iso	pgr.returning	480	483	0	0	324	profile-loaded,gameplay	1	297.7	False	screening	hang: 11.6 s without 60 guest flips after the mark		9	0	0	0			0		c	c		#397 0.5 gameplay fps benchmark: pgr.returning route (lane.titleroutes PR #466) on thor, MAX regimen, 300 s after the ma
1-1790487611-titleroutes-261841	1-1790487611-titleroutes-261841	09-27 05:40	titleroutes	bench	thor	56550016-Bruce_Lee_Quest_of_the_Dragon.x	bruce-lee	420	422	0	0	561	gameplay	1	288.7	False	screening	hang: 21.2 s without 60 guest flips after the mark		5	0	0	0			0		c	c		#397 0.5 gameplay fps benchmark: bruce-lee route (lane.titleroutes PR #466) on thor, MAX regimen, 300 s after the mark
1-1790489396-titleroutes-512742	1-1790489396-titleroutes-512742	09-27 06:09	titleroutes	bench	thor	56550036-Crash_Twinsanity.xiso.iso	crash-twinsanity	540	543	0	0	507	gameplay	1	267.8	False	screening	duration: 268 s of gameplay < 600 s screening		11	0	0	0			0		c	c		#397 0.5 gameplay fps benchmark: crash-twinsanity route (lane.titleroutes PR #466) on thor, MAX regimen, 300 s after the
1-1790492206-titleroutes-681960	1-1790492206-titleroutes-681960	09-27 06:56	titleroutes	bench	thor	4D53006B-MechAssault_2_Lone_Wolf.xiso.is	mechassault-2	530	534	0	0	1059	gameplay	1	315.3	False	screening	duration: 315 s of gameplay < 600 s screening		10	0	0	0			0		c	c		#397 0.5 gameplay fps benchmark: mechassault-2 route (lane.titleroutes PR #466) on thor, MAX regimen, 300 s after the ma
1-1790493356-titleroutes-734802	0-0-x-1790493356-titleroutes-734802	09-27 07:15	titleroutes	bench	thor	54540082-Grand_Theft_Auto_San_Andreas.xi	gta-sa	500	503	0	0	534	gameplay	1	279.3	False	screening	hang: 13.2 s without 60 guest flips after the mark		9	0	0	0			0		c	c		#397 0.5 gameplay fps benchmark: gta-sa route (lane.titleroutes PR #466) on thor, MAX regimen, 300 s after the mark
1-1790497366-titleroutes-886445	1-1790497366-titleroutes-886445	09-27 08:22	titleroutes	bench	thor	JSRF - Jet Set Radio Future (USA).xiso.i	jsrf	500	505	0	0	473	gameplay	1	283.5	False	screening	duration: 284 s of gameplay < 600 s screening		4	0	1	1			0		c	c		#397 0.5 gameplay fps benchmark: jsrf route (lane.titleroutes PR #466) on thor, MAX regimen, 300 s after the mark
1-1790499526-titleroutes-925659	1-1790499526-titleroutes-925659	09-27 08:58	titleroutes	bench	thor	Grabbed by the Ghoulies (USA) (En,Fr,De,	ghoulies	730	748	0	0	514	gameplay	1	277.4	False	screening	hang: 14.7 s without 60 guest flips after the mark		18	0	0	0			0		c	c		#397 0.5 gameplay fps benchmark: ghoulies route (lane.titleroutes PR #466) on thor, MAX regimen, 300 s after the mark
1-1790503792-titleroutes-997141	1-1790503792-titleroutes-997141	09-27 10:09	titleroutes	bench	thor	Grabbed by the Ghoulies (USA) (En,Fr,De,	ghoulies	730	732	0	0	568	gameplay	1	224.1	False	screening	duration: 224 s of gameplay < 600 s screening		18	0	0	0			0		c	c		#397 0.5 gameplay fps benchmark: ghoulies route (lane.titleroutes PR #466) on thor, MAX regimen, 300 s after the mark
1-1790505449-titleroutes-1023605	1-1790505449-titleroutes-1023605	09-27 10:37	titleroutes	bench	thor	5A440004-Alien_Hominid.xiso.iso	alien-hominid	410	415	0	0	867	gameplay	1	306.0	False	screening	duration: 306 s of gameplay < 600 s screening		1	0	0	0			0		c	c		#397 0.5 gameplay fps benchmark: alien-hominid route (lane.titleroutes PR #466) on thor, MAX regimen, 300 s after the ma
1-1790506491-titleroutes-1032854	1-1790506491-titleroutes-1032854	09-27 10:54	titleroutes	bench	thor	4D53002A-Midtown_Madness_3.xiso.iso	midtown-madness-3.returning	580	581	0	0	331	gameplay	1	264.0	False	screening	hang: 12.0 s without 60 guest flips after the mark		18	0	0	0			0		c	c		#397 0.5 gameplay fps benchmark: midtown-madness-3.returning route (lane.titleroutes PR #466) on thor, MAX regimen, 300 
1-1790507407-titlebench-1059623	1-1790507407-titlebench-1059623	09-27 11:10	titlebench	bench	nova	Fuzion Frenzy (USA).xiso.iso	fuzion-frenzy	400	402	0	0	207	booted,gameplay	1	307.5	False	screening	hang: 13.4 s without 60 guest flips after the mark		6	0	4	282			0		c	c		#397 0.5 gameplay fps benchmark: fuzion-frenzy route on nova (Nova-only title), MAX regimen, 300 s after the mark
1-1790508532-titleroutes-1074940	1-1790508532-titleroutes-1074940	09-27 11:28	titleroutes	bench	thor	4D530010-Blood_Wake.xiso.iso	blood-wake	480	481	0	0	337	gameplay	1	286.6	False	screening	hang: 10.6 s without 60 guest flips after the mark		7	0	0	0			0		c	c		#397 0.5 gameplay fps benchmark: blood-wake route (lane.titleroutes PR #466) on thor, MAX regimen, 300 s after the mark
1-1790510457-titleroutes-1101937	1-1790510457-titleroutes-1101937	09-27 12:00	titleroutes	bench	thor	4D53001E-Brute_Force.xiso.iso	brute-force	570	573	0	0	685	gameplay	1	293.7	False	screening	duration: 294 s of gameplay < 600 s screening		3	0	1	1			0		c	c		#397 0.5 gameplay fps benchmark: brute-force route (lane.titleroutes PR #466) on thor, MAX regimen, 300 s after the mark
1-1790511808-titleroutes-1129571	1-1790511808-titleroutes-1129571	09-27 12:23	titleroutes	bench	thor	46530002-Otogi_Myth_of_Demons.xiso.iso	otogi	550	550	0	0	630	gameplay	1	272.6	False	screening	duration: 273 s of gameplay < 600 s screening		2	0	0	0			0		c	c		#397 0.5 gameplay fps benchmark: otogi route (lane.titleroutes PR #466) on thor, MAX regimen, 300 s after the mark
1-1790513065-titleroutes-1150288	1-1790513065-titleroutes-1150288	09-27 12:44	titleroutes	bench	thor	41430006-Burnout.xiso.iso	burnout	460	463	0	0	332	gameplay	1	304.5	False	screening	duration: 304 s of gameplay < 600 s screening		2	0	0	0			0		c	c		#397 0.5 gameplay fps benchmark: burnout route (lane.titleroutes PR #466) on thor, MAX regimen, 300 s after the mark
1-1790515369-lanelocal-1183547	1-1790515369-lanelocal-1183547	09-27 13:22	lanelocal	confirm	thor	5A440004-Alien_Hominid.xiso.iso	alien-hominid	1380	1384	0	0	3705	gameplay	1	1273.6	True	confirmation			1	0	0	0			0		d?	d?		#433 0.5 Playable confirmation: 20-min soak of alien-hominid on thor, MAX regimen (fps bar met: 59.9 median, 100% of pla
1-1790515600-titleroutes-1194351	1-1790515600-titleroutes-1194351	09-27 13:26	titleroutes	bench	nova	56550042-50_Cent_Bulletproof.xiso.iso	50cent	440	441	0	0	728	gameplay	1						9	0	0	0			0		m	m		#397 0.5 gameplay fps benchmark: 50cent route (lane.titleroutes) on nova, MAX regimen, 300 s after the mark
1-1790515603-titleroutes-1194477	1-1790515603-titleroutes-1194477	09-27 13:26	titleroutes	bench	nova	5451000D-WWE_Raw_2.xiso.iso	wwe-raw-2	560	560	0	0	593	gameplay	1						15	0	0	0			0		m	m		#397 0.5 gameplay fps benchmark: wwe-raw-2 route (lane.titleroutes) on nova, MAX regimen, 300 s after the mark
1-1790516796-lanelocal-1258823	1-1790516796-lanelocal-1258823	09-27 13:46	lanelocal	confirm	thor	4D53006B-MechAssault_2_Lone_Wolf.xiso.is	mechassault-2	1500	1503	0	0	4365	gameplay	1	1384.9	False	confirmation	fps: 26.7% of gameplay at >= 30 fps (bar 90%)		10	0	0	0			0		c+	c+		#433 0.5 Playable confirmation: 20-min soak of mechassault-2 on thor, MAX regimen (fps bar met: 30.0 median, 91.7% of pl
1-1790517591-titleroutes-1523259	1-1790517591-titleroutes-1523259	09-27 13:59	titleroutes	bench	thor	45410062-Battlefield_2_Modern_Combat.xis	bf2mc	640	641	0	0	657	gameplay	1						19	0	0	0			0		m	m		#397 0.5 gameplay fps benchmark: bf2mc route (lane.titleroutes) on thor, MAX regimen, 300 s after the mark
1-1790519286-titleroutes-2112912	1-1790519286-titleroutes-2112912	09-27 14:28	titleroutes	bench	thor	4D530007-Azurik_Rise_of_Perathia.xiso.is	azurik	440	444	0	0	514	gameplay	1						7	0	0	0		voided 2026-09-27T16:11:30Z by the host (hostops): ran on the Thor with HAKUX_TC	0		e:other	e:heat	route-frames/091137-gameplay.png: Azurik player control in the hub at the mark; thermal pause in the window	#397 0.5 gameplay fps benchmark: azurik route (lane.titleroutes) on thor, MAX regimen, 300 s after the mark
1-1790519287-titleroutes-2112912r	1-1790519287-titleroutes-2112912r	09-27 14:28	titleroutes	bench	thor	4D530007-Azurik_Rise_of_Perathia.xiso.is	azurik	440	441	0	0	525	gameplay	1						7	0	1	1			0		m	m		#397 0.5 gameplay fps benchmark: azurik route (lane.titleroutes) on thor, MAX regimen, 300 s after the mark (RERUN: 1-17
1-1790519290-titleroutes-2113140	1-1790519290-titleroutes-2113140	09-27 14:28	titleroutes	bench	thor	41430016-Alias.xiso.iso	alias	450	450	0	0	493	gameplay	1						7	0	0	0			0		m	m		#397 0.5 gameplay fps benchmark: alias route (lane.titleroutes) on thor, MAX regimen, 300 s after the mark
0-0-x-1790527983-titleroutes-2100395	0-0-x-1790527983-titleroutes-2100395	09-27 16:53	titleroutes	bench	thor	49470013-Dungeons_Dragons_Heroes.xiso.is	dnd-heroes	580	580	0	0	30		1						6	0	0	0			0		a	a		#397 0.5 gameplay fps benchmark: dnd-heroes route (lane.titleroutes) on thor, MAX regimen, 300 s after the mark
1-1790527983-titleroutes-2100312	1-1790527983-titleroutes-2100312	09-27 16:53	titleroutes	bench	thor	4D530007-Azurik_Rise_of_Perathia.xiso.is	azurik	480	484	0	0	532	gameplay	1						7	0	0	0			0		m	m		#397 0.5 gameplay fps benchmark: azurik route (lane.titleroutes) on thor, MAX regimen, 300 s after the mark
0-0-x-1790539523-titlestate-1846315	0-0-x-1790539523-titlestate-1846315	09-27 20:05	titlestate	other	nova	4541005D-GoldenEye_Rogue_Agent.xiso.iso	goldeneye-ra.save	420	330	0	0	109	profile-created	1						19	0	9	169			0	ROUTE ABORTED: not foreground (org.es_de.frontend)	e:fg	e:fg		#397 GoldenEye: Rogue Agent profile save: first run to player control, then the HOME flush, so PLAYER1 reaches the Nova'
1-1790545605-titleroutes-65853	1-1790545605-titleroutes-65853	09-27 21:46	titleroutes	bench	thor	4D530007-Azurik_Rise_of_Perathia.xiso.is	azurik	500	0	0	0	0		0						0	0	0	0			0	ROUTE ABORTED: not foreground (com.magneticchen.daijishou)	e:fg	e:fg		#397 0.5 gameplay fps benchmark: azurik route (lane.titleroutes) on thor, MAX regimen, 300 s after the mark
1-1790545622-titleroutes-76653	1-1790545622-titleroutes-76653	09-27 21:47	titleroutes	bench	thor	49470013-Dungeons_Dragons_Heroes.xiso.is	dnd-heroes	600	0	0	0	0		0						0	0	0	0			0	ROUTE ABORTED: not foreground (com.magneticchen.daijishou)	e:fg	e:fg		#397 0.5 gameplay fps benchmark: dnd-heroes route (lane.titleroutes) on thor, MAX regimen, 300 s after the mark
1-1790547557-titleroutes-979135	1-1790547557-titleroutes-979135	09-27 22:19	titleroutes	bench	thor	4D570002-Arctic_Thunder.xiso.iso	arctic-thunder	590	592	0	0	600	gameplay	1	319.6	False	screening	duration: 320 s of gameplay < 600 s screening		16	0	0	0			0		c	c		#397 0.5 gameplay fps benchmark: arctic-thunder route (lane.titleroutes) on thor, MAX regimen, 300 s after the mark
1-1790548501-titleroutes-1529314	1-1790548501-titleroutes-1529314	09-27 22:35	titleroutes	bench	thor	4D530007-Azurik_Rise_of_Perathia.xiso.is	azurik	500	0	0	0	0		0						0	0	0	0			0	ROUTE ABORTED: not foreground (com.odin.settings)	e:fg	e:fg		#397 0.5 gameplay fps benchmark: azurik route (lane.titleroutes) on thor, MAX regimen, 300 s after the mark
1-1790548501-titleroutes-1529756	1-1790548501-titleroutes-1529756	09-27 22:35	titleroutes	bench	thor	49470013-Dungeons_Dragons_Heroes.xiso.is	dnd-heroes	600	0	0	0	0		0						0	0	0	0			0	ROUTE ABORTED: not foreground (com.odin.settings)	e:fg	e:fg		#397 0.5 gameplay fps benchmark: dnd-heroes route (lane.titleroutes) on thor, MAX regimen, 300 s after the mark
1-1790548501-titleroutes-1530145	1-1790548501-titleroutes-1530145	09-27 22:35	titleroutes	bench	thor	4D4A0001-BloodRayne.xiso.iso	bloodrayne	540	0	0	0	0		0						0	0	0	0			0	ROUTE ABORTED: not foreground (com.odin.settings)	e:fg	e:fg		#397 0.5 gameplay fps benchmark: bloodrayne route (lane.titleroutes) on thor, MAX regimen, 300 s after the mark
1-1790548501-titleroutes-1530145r	1-1790548501-titleroutes-1530145r	09-27 22:35	titleroutes	bench	thor	4D4A0001-BloodRayne.xiso.iso	bloodrayne	540	546	0	0	770	gameplay	1						8	0	0	0			0		m	m		#397 0.5 gameplay fps benchmark: bloodrayne route (lane.titleroutes) on thor, MAX regimen, 300 s after the mark (re-queu
1-1790548501-titleroutes-1530514	1-1790548501-titleroutes-1530514	09-27 22:35	titleroutes	bench	thor	5655001A-Baldur_s_Gate_Dark_Alliance.xis	baldurs-gate-da	780	785	0	0	571	gameplay	1						19	0	0	0			0		m	m		#397 0.5 gameplay fps benchmark: baldurs-gate-da route (lane.titleroutes) on thor, MAX regimen, 300 s after the mark
1-1790548502-titleroutes-1531011	1-1790548502-titleroutes-1531011	09-27 22:35	titleroutes	bench	thor	534E0007-KOF_Maximum_Impact_Maniax.xiso.	kof-mi.returning	540	544	0	0	829	gameplay	1						11	0	0	0			0		m	m		#397 0.5 gameplay fps benchmark: kof-mi.returning route (lane.titleroutes) on thor, MAX regimen, 300 s after the mark
1-1790548502-titleroutes-1531400	1-1790548502-titleroutes-1531400	09-27 22:35	titleroutes	bench	thor	4D570002-Arctic_Thunder.xiso.iso	arctic-thunder	550	552	0	0	579	gameplay	1						14	0	0	0			0		m	m		#397 0.5 gameplay fps benchmark: arctic-thunder route (lane.titleroutes) on thor, MAX regimen, 300 s after the mark
1-1790557233-hostops-810152	0-0-x-1790557233-hostops-810152	09-28 01:00	hostops	confirm	thor	4D53006B-MechAssault_2_Lone_Wolf.xiso.is	mechassault-2	1500	1500	0	0	3855	gameplay	1	1462.5	False	confirmation	void: thermal-unread: no reading from +1218 s to +1462 s (244 s > 90 s), relativ		10	0	0	0			0		e:heat	e:heat		#433 0.5 Playable confirmation RE-RUN: 20-min soak of mechassault-2 on thor, MAX regimen, from a cool start (devwatch co
1-1790560999-titleroutes-2862460	1-1790560999-titleroutes-2862460	09-28 02:03	titleroutes	bench	thor	4D530007-Azurik_Rise_of_Perathia.xiso.is	azurik	500	502	0	0	584	gameplay	1						7	0	0	0			0		m	m		#397 0.5 gameplay fps benchmark: azurik route (lane.titleroutes) on thor, MAX regimen, 300 s after the mark
1-1790560999-titleroutes-2862610	1-1790560999-titleroutes-2862610	09-28 02:03	titleroutes	bench	thor	49470013-Dungeons_Dragons_Heroes.xiso.is	dnd-heroes	600	603	26	0	567	gameplay	1						8	0	0	0			0		m	m		#397 0.5 gameplay fps benchmark: dnd-heroes route (lane.titleroutes) on thor, MAX regimen, 300 s after the mark
1-1790563604-titleroutes-373432	1-1790563604-titleroutes-373432	09-28 02:46	titleroutes	bench	thor	45410026-007_Nightfire.xiso.iso	nightfire	400	406	0	0	1165	gameplay	1						6	0	0	0			0		m	m		#397 0.5 gameplay fps benchmark: nightfire route (lane.titleroutes) on thor, MAX regimen, 300 s after the mark
1-1790563604-titleroutes-374056	1-1790563604-titleroutes-374056	09-28 02:46	titleroutes	bench	thor	4541005B-Burnout_3_Takedown.xiso.iso	burnout3.returning	620	621	0	0	365	profile-loaded,gameplay	1						10	0	0	0			0		m	m		#397 0.5 gameplay fps benchmark: burnout3.returning route (lane.titleroutes) on thor, MAX regimen, 300 s after the mark
1-1790563605-titleroutes-374601	1-1790563605-titleroutes-374601	09-28 02:46	titleroutes	bench	nova	43560001-Kabuki_Warriors.xiso.iso	kabuki-warriors	550	551	0	0	1170	gameplay	1						16	0	0	0			0		m	m		#397 0.5 gameplay fps benchmark: kabuki-warriors route (lane.titleroutes) on nova, MAX regimen, 300 s after the mark
1-1790566122-titleroutes-1417504	1-1790566122-titleroutes-1417504	09-28 03:28	titleroutes	bench	thor	RalliSport Challenge 2 (Japan, Europe).i	rallisport-2.returning	570	573	27	75	425	gameplay	1						15	0	0	0			0		m	m		#397 0.5 gameplay fps benchmark: rallisport-2.returning route (lane.titleroutes) on thor, MAX regimen, 300 s after the m
0-0-x-1-1790567423-titleroutes-2191714	0-0-x-1-1790567423-titleroutes-2191714	09-28 03:50	titleroutes	bench	thor	Spikeout - Battle Street (USA) (En,Ja,Fr	spikeout.returning	460	462	0	40	862	gameplay	1						8	0	0	0			0		m	m		#397 0.5 gameplay fps benchmark: spikeout.returning route (lane.titleroutes) on thor, MAX regimen, 300 s after the mark
1-1790569004-titleroutes-3006458	1-1790569004-titleroutes-3006458	09-28 04:16	titleroutes	bench	thor	4D53004B-Project_Gotham_Racing_2.xiso.is	pgr2	530	532	0	34	397	gameplay	1	340.0	False	screening	void: thermal-pause: thermal-pause-F8 1/1 began after +140 s and by +172 s (devi		9	0	0	0			0		e:heat	e:heat		#397 0.5 gameplay fps benchmark: pgr2 route (lane.titleroutes) on thor, MAX regimen, 300 s after the mark
1-1790688705-lane.verdict433-3467502	0-0-x-1-1790688705-lane.verdict433-3467502	09-29 13:31	lane.verdict433	confirm	thor	4D530007-Azurik_Rise_of_Perathia.xiso.is	azurik	1480	1484	0	76	2255	gameplay	1	1296.8	False	confirmation	thermal: sustained play failed at the device's defaults -- thermal-pause-F8 1/1 		7	0	0	0			0		c+	c+		#433 Playable confirmation (pilot 1 of lane.verdict433): Azurik, azurik route, Thor, PERF_REGIMEN=default, 1200 s after 
1-1790693575-lane.verdict433-211620	0-0-x-1-1790693575-lane.verdict433-211620	09-29 14:52	lane.verdict433	confirm	nova	5451000D-WWE_Raw_2.xiso.iso	wwe-raw-2	1550	569	0	33	630	gameplay	1	271.9	False	confirmation	void: not-foreground: unreadable (ee317437 adb failed (exit 1))		15	0	0	0			0	ROUTE ABORTED: not foreground (unreadable)	e:fg	e:fg		#433 Playable confirmation: WWE Raw 2, wwe-raw-2 route, nova, PERF_REGIMEN=default, 1200 s after the mark
1-1790693575-lane.verdict433-211666	0-0-x-1-1790693575-lane.verdict433-211666	09-29 14:52	lane.verdict433	confirm	nova	56550042-50_Cent_Bulletproof.xiso.iso	50cent	1420	0	0	0	0		0						0	0	0	0		could not set the requested env_vars pref; see dispatcher.log	0		e:other	e:other		#433 Playable confirmation: 50 Cent: Bulletproof, 50cent route, nova, PERF_REGIMEN=default, 1200 s after the mark
1-1790696366-lane.verdict433-2378176	0-0-s-1-1790696366-lane.verdict433-2378176	09-29 15:39	lane.verdict433	other	thor	4D530007-Azurik_Rise_of_Perathia.xiso.is	azurik	1480	1484	0	38	2287	gameplay	1						7	0	0	0			0		m	m		#433/#525 Azurik halt-on at 94cf8eb627 (the halt-off confirmation's ref): does the idle halt keep a high-guest-idle titl
1-1790725089-lane.verdict433-1456493	1-1790725089-lane.verdict433-1456493	09-29 23:38	lane.verdict433	confirm	nova	5451000D-WWE_Raw_2.xiso.iso	wwe-raw-2	1550	0	0	38	0		0	0.0	False	screening	void: not-foreground: org.es_de.frontend (holds input focus on display 0 of ee31		0	0	0	0		not-foreground abort (org.es_de.frontend held display 0 of nova): ROOT CAUSE fou	0	ROUTE ABORTED: not foreground (org.es_de.frontend)	e:fg	e:fg		#433 Playable confirmation (batch 4, re-queue of a vanished batch-2/3 request): WWE Raw 2, wwe-raw-2 route, nova, PERF_R
1-1790725089-lane.verdict433-1456544	1-1790725089-lane.verdict433-1456544	09-29 23:38	lane.verdict433	confirm	nova	56550042-50_Cent_Bulletproof.xiso.iso	50cent	1420	0	0	38	0		0	0.0	False	screening	void: not-foreground: org.es_de.frontend (holds input focus on display 0 of ee31		0	0	0	0		not-foreground abort (org.es_de.frontend held display 0 of nova): ROOT CAUSE fou	0	ROUTE ABORTED: not foreground (org.es_de.frontend)	e:fg	e:fg		#433 Playable confirmation (batch 4, re-queue of a vanished batch-2/3 request): 50 Cent: Bulletproof, 50cent route, nova
1-1790725090-lane.verdict433-1456591	1-1790725090-lane.verdict433-1456591	09-29 23:38	lane.verdict433	confirm	nova	4541000D-007_Agent_Under_Fire.xiso.iso	survey	1475	0	0	38	6		1	0.0	False	confirmation	booted: the guest never appeared or never flipped 60 frames		1	0	0	0			0	ROUTE STOPPED: com.jreinach.hakux.debug:xemu is gone, so the guest exited (not-foreground: unknown (ee317437 has no focused window on displa	x	x		#433 Playable confirmation (batch 4, re-queue of a vanished batch-2/3 request): 007: Agent Under Fire, survey route, nov
1-1790725090-lane.verdict433-1456665	1-1790725090-lane.verdict433-1456665	09-29 23:38	lane.verdict433	confirm	nova	5655001A-Baldur_s_Gate_Dark_Alliance.xis	baldurs-gate-da	1760	1684	0	38	2156	gameplay	1	1190.0	False	confirmation	void: not-foreground: unreadable (ee317437 adb failed (exit 1))		19	0	0	0			0	ROUTE ABORTED: not foreground (unreadable)	e:fg	e:fg		#433 Playable confirmation (batch 4, re-queue of a vanished batch-2/3 request): Baldur's Gate: Dark Alliance, baldurs-ga
1-1790725091-lane.verdict433-1456797	1-1790725091-lane.verdict433-1456797	09-29 23:38	lane.verdict433	confirm	nova	534E0007-KOF_Maximum_Impact_Maniax.xiso.	kof-mi.returning	1500	1503	0	36	3604	gameplay	1	1282.6	True	confirmation			11	0	0	0			0		d?	d?		#433 Playable confirmation (batch 4, re-queue of a vanished batch-2/3 request): KOF: Maximum Impact Maniax, kof-mi.retur
1-1790725091-lane.verdict433-1456876	1-1790725091-lane.verdict433-1456876	09-29 23:38	lane.verdict433	confirm	nova	4D530007-Azurik_Rise_of_Perathia.xiso.is	azurik	1480	1482	0	31	2334	gameplay	1	1292.3	True	confirmation			7	0	0	0			0		d?	d?		#433 Playable confirmation (batch 4, re-queue of a vanished batch-2/3 request): Azurik: Rise of Perathia, azurik route, 
1-1790734333-titleroutes-3037624	1-1790734333-titleroutes-3037624	09-30 02:12	titleroutes	bench	nova	54540079-Midnight_Club_3_DUB_Edition.xis	midnight-club-3.returning	460	462	0	28	345	title,profile-select,main-menu,menu-arca	1						14	0	0	0			0		m	m		#397 0.5 gameplay fps benchmark: midnight-club-3.returning route (lane.titleroutes) on nova, MAX regimen, 300 s after th
1-1790735661-titleroutes-3181153	1-1790735661-titleroutes-3181153	09-30 02:34	titleroutes	bench	nova	55530036-187_Ride_or_Die.xiso.iso	187-ride-or-die.returning	370	375	0	22	444	title,profile-select,quick-hits,tutorial	1						14	0	0	0			0		m	m		#397 0.5 gameplay fps benchmark: 187-ride-or-die.returning route (lane.titleroutes) on nova, MAX regimen, 300 s after th
1-1790736688-titleroutes-3301413	1-1790736688-titleroutes-3301413	09-30 02:51	titleroutes	bench	nova	56550003-Crash_Bandicoot_The_Wrath_of_Co	crash-wrath-of-cortex	400	406	0	26	792	title,name,gameplay	1						7	0	0	0			0		m	m		#397 0.5 gameplay fps benchmark: crash-wrath-of-cortex route (lane.titleroutes) on nova, MAX regimen, 300 s after the ma
1-1790737858-lane.verdict433-1456493r2	1-1790737858-lane.verdict433-1456493r2	09-30 03:10	lane.verdict433	confirm	nova	5451000D-WWE_Raw_2.xiso.iso	wwe-raw-2	1550	1551	0	34	2575	gameplay	1	1276.9	True	confirmation			15	0	0	0			0		d?	d?		#433 Playable confirmation (batch 4, re-queue of a vanished batch-2/3 request): WWE Raw 2, wwe-raw-2 route, nova, PERF_R
1-1790737859-lane.verdict433-1456544r2	1-1790737859-lane.verdict433-1456544r2	09-30 03:10	lane.verdict433	confirm	nova	56550042-50_Cent_Bulletproof.xiso.iso	50cent	1420	1427	0	34	3209	gameplay	1	1348.3	True	confirmation			9	0	0	0			0		d?	d?		#433 Playable confirmation (batch 4, re-queue of a vanished batch-2/3 request): 50 Cent: Bulletproof, 50cent route, nova
1-1790745234-lane.verdict433-366094	1-1790745234-lane.verdict433-366094	09-30 05:13	lane.verdict433	confirm	nova	4541000D-007_Agent_Under_Fire.xiso.iso	survey	1475	1475	0	34	1378	booted,play	1	1251.1	False	confirmation	reached_gameplay: unconfirmed (generic route) -- review the contact sheet, then 		83	0	51	1244			0		c+	b	contact.png: 007 Agent Under Fire (generic survey route) in level from 092457, the same vault-door view for 20 min to 094452	#433 Playable confirmation (batch 5, rerun of a batch-4 result): 007: Agent Under Fire (rerun: pre-chmod-fix boot hang o
1-1790745235-lane.verdict433-366130	1-1790745235-lane.verdict433-366130	09-30 05:13	lane.verdict433	confirm	nova	5655001A-Baldur_s_Gate_Dark_Alliance.xis	baldurs-gate-da	1760	1764	0	34	2365	gameplay	1	1303.9	True	confirmation			19	0	0	0			0		d?	d?		#433 Playable confirmation (batch 5, rerun of a batch-4 result): Baldur's Gate: Dark Alliance (rerun: adb capture flake 
1-1790775886-lane.verdict433-3086847	0-0-s-1-1790775886-lane.verdict433-3086847	09-30 13:44	lane.verdict433	confirm	thor	5A440004-Alien_Hominid.xiso.iso	alien-hominid	1390	402	0	38	876	gameplay	1	294.5	False	screening	crash: guest exited after 402s		1	0	0	0			0	ROUTE STOPPED: com.jreinach.hakux.debug:xemu is gone, so the guest exited (not-foreground: com.magneticchen.daijishou (the focused applicati	e:heat	e:heat		#433 Playable confirmation (batch 6): Alien Hominid (4 Nova soaks at 100%, median 59.94), alien-hominid route, nova, PER
1-1790775886-lane.verdict433-3086875	1-1790775886-lane.verdict433-3086875	09-30 13:44	lane.verdict433	confirm	nova	55530036-187_Ride_or_Die.xiso.iso	187-ride-or-die.returning	1360	1362	0	32	1692	title,profile-select,quick-hits,tutorial	1						14	0	0	0	WITHDRAWN by the owner 2026-09-30 ~20:05 PDT after frame review: the scored window is the profile-cr		0		m	f	route-frames/122018-gameplay.png: 187 PLAYER PROFILE keyboard ("Define the profile name") at the mark; verdict PASS 1286 s at 59.94 fps, withdrawn by the owner 09-30 (verdict.json.withdrawn-owner-20260930)	#433 Playable confirmation (batch 6): 187: Ride or Die (Nova soak at 100%, median 59.94), 187-ride-or-die.returning rout
1-1790775886-lane.verdict433-3086903	1-1790775886-lane.verdict433-3086903	09-30 13:44	lane.verdict433	confirm	nova	4D570002-Arctic_Thunder.xiso.iso	arctic-thunder	910	914	0	32	1294	gameplay	1	684.0	False	confirmation	fps: 63.9% of gameplay at >= 30 fps (bar 90%)		14	0	0	0			0		c+	c+		#433 Playable confirmation (batch 6): Arctic Thunder (4 Nova soaks at 100%, min 31.4), arctic-thunder route, nova, PERF_
1-1790790097-lane.verdict433-43486	1-1790790097-lane.verdict433-43486	09-30 17:41	lane.verdict433	confirm	thor	46530002-Otogi_Myth_of_Demons.xiso.iso	otogi	1545	1552	26	34	2629	gameplay	1	1278.6	False	confirmation	thermal: sustained play failed at the device's defaults -- thermal-pause-F8 1/1 		2	0	1	1			0		c+	c+		#433 Playable confirmation: Otogi: Myth of Demons, otogi route, thor cold-start (lane.local's thor_coldconfirm.sh, 2026-
1790800614-titleroutes-1024666	0-0-s-1790800614-titleroutes-1024666	09-30 20:36	titleroutes	screen	thor	Galleon (USA).xiso.iso	galleon	480	482	0	45	474	gameplay	1	265.6	False	screening	duration: 266 s of gameplay < 600 s screening		8	0	0	0			0		c	c		Galleon screening + same-pass fps benchmark (#397)
1790801593-titleroutes-1202186	1790801593-titleroutes-1202186	09-30 20:53	titleroutes	bench	nova	45410076-Burnout_Revenge.xiso.iso	burnout-revenge.returning	480	480	0	49	206	gameplay	1	102.2	False	screening	duration: 102 s of gameplay < 600 s screening		23	0	0	0			0		c	c		Burnout Revenge same-pass fps benchmark (#397)
1790801641-titleroutes-1213635	0-0-s-1790801641-titleroutes-1213635	09-30 20:54	titleroutes	screen	thor	Dead or Alive 3 (USA) (En,Ja).xiso.iso	doa3	480	284	0	48	10		1						3	0	0	0			0	ROUTE STOPPED: com.jreinach.hakux.debug:xemu is gone, so the guest exited (not-foreground: com.magneticchen.daijishou (the focused applicati	e:heat	e:heat		DOA3 Thor screening + benchmark (#397)
1-1790804473-lane.verdict433-1767161	1-1790804473-lane.verdict433-1767161	09-30 21:41	lane.verdict433	confirm	nova	Crimson Skies - High Road to Revenge (US	crimson-skies	820	824	0	37	80	booted,gameplay	1	708.9	True	confirmation			7	0	5	647			0		d?	d	contact.png: Crimson Skies in flight from the mark 165201 to 170248 (+647 s), seven frames, plane, HUD and sky change	#433 Playable confirmation (batch 9, re-queue of batch 8 after its false-positive Galleon withdrawal): Crimson Skies (4 
1790805442-titleroutes-2050455	0-0-s-1790805442-titleroutes-2050455	09-30 21:57	titleroutes	routecheck	thor	Dead or Alive 3 (USA) (En,Ja).xiso.iso	doa3	480	475	0	48	1072	booted,gameplay	1	342.7	False	screening	crash: guest exited after 475s		14	0	0	0			0	ROUTE STOPPED: com.jreinach.hakux.debug:xemu is gone, so the guest exited (not-foreground: com.magneticchen.daijishou (the focused applicati	e:heat	e:heat		#397 Thor screening: doa3 route (not yet replayed) validate + fps, lane.titleroutes session 42
1790805442-titleroutes-2050654	0-0-s-1790805442-titleroutes-2050654	09-30 21:57	titleroutes	routecheck	thor	Tony Hawk's Pro Skater 2x (USA).xiso.iso	thps2x	480	260	0	48	300	booted,gameplay	1	133.2	False	screening	crash: guest exited after 260s		11	0	0	0			0	ROUTE STOPPED: com.jreinach.hakux.debug:xemu is gone, so the guest exited (not-foreground: com.magneticchen.daijishou (the focused applicati	e:heat	e:heat		#397 Thor screening: thps2x route (not yet replayed) validate + fps, lane.titleroutes session 42
1790805455-titleroutes-2055173	0-0-s-1790805455-titleroutes-2055173	09-30 21:57	titleroutes	routecheck	thor	43430019-Capcom_Classics_Collection_Vol_	capcom-classics2	480	390	0	48	764	booted,gameplay	1	273.2	False	screening	crash: guest exited after 390s		11	0	0	0			0	guest exited after 390s of 480s	c	c		#397 Thor screening: capcom-classics2 route (not yet replayed) validate + fps, lane.titleroutes session 42
1790805456-titleroutes-2055301	0-0-s-1790805456-titleroutes-2055301	09-30 21:57	titleroutes	routecheck	thor	4B4E002D-Castlevania_Curse_of_Darkness.x	castlevania-cod.first-run	480	381	0	43	454	booted,profile-saved,gameplay	1	204.2	False	screening	crash: guest exited after 381s		19	0	0	0			0	ROUTE STOPPED: com.jreinach.hakux.debug:xemu is gone, so the guest exited (not-foreground: com.magneticchen.daijishou (the focused applicati	e:heat	e:heat		#397 Thor screening: castlevania-cod.first-run route (not yet replayed) validate + fps, lane.titleroutes session 42
1790805456-titleroutes-2055567	0-0-s-1790805456-titleroutes-2055567	09-30 21:57	titleroutes	routecheck	thor	41540002-Shin_Megami_Tensei_Nine.xiso.is	smt-nine	480	481	0	39	497	booted,gameplay	1	316.2	False	screening	duration: 316 s of gameplay < 600 s screening		20	0	0	0			0		c	c		#397 Thor screening: smt-nine route (not yet replayed) validate + fps, lane.titleroutes session 42
1790805457-titleroutes-2055759	0-0-s-1790805457-titleroutes-2055759	09-30 21:57	titleroutes	routecheck	thor	Tork - Prehistoric Punk (USA).iso	tork	480	290	0	43	260	booted,gameplay	1	130.3	False	screening	crash: guest exited after 290s		16	0	0	0			0	ROUTE STOPPED: com.jreinach.hakux.debug:xemu is gone, so the guest exited (not-foreground: com.magneticchen.daijishou (the focused applicati	e:heat	e:heat		#397 Thor screening: tork route (not yet replayed) validate + fps, lane.titleroutes session 42
1790808339-titleroutes-3127689	1790808339-titleroutes-3127689	09-30 22:45	titleroutes	screen	thor	Tony Hawk's Pro Skater 2x (USA).xiso.iso	thps2x	300	309	0	48	408	booted,gameplay	1	183.9	False	screening	duration: 184 s of gameplay < 600 s screening		11	0	0	0			0		c	c		#397 Thor screening retry at 300s cap: thps2x route, first heat-stopped at 480s (lane.titleroutes session 43)
1790808344-titleroutes-3128993	0-0-s-1790808344-titleroutes-3128993	09-30 22:45	titleroutes	screen	thor	43430019-Capcom_Classics_Collection_Vol_	capcom-classics2	300	307	0	43	584	booted,gameplay	1	189.6	False	screening	duration: 190 s of gameplay < 600 s screening		11	0	0	0			0		c	c		#397 Thor screening retry at 300s cap: capcom-classics2 route, first heat-stopped at 480s (lane.titleroutes session 43)
1790822573-titleroutes-2818801	1790822573-titleroutes-2818801	10-01 02:42	titleroutes	survey	thor	Psychonauts (USA).iso	survey	300	136	0	40	45	booted	1						14	0	11	73			0	ROUTE STOPPED: com.jreinach.hakux.debug:xemu is gone, so the guest exited (not-foreground: com.android.launcher3 (input focus is on display 	e:heat	e:heat		#397 Thor pass-1 survey: Psychonauts, no route on disk
1790822578-titleroutes-2819133	0-0-s-1790822578-titleroutes-2819133	10-01 02:42	titleroutes	survey	thor	Phantom Dust (USA) (En,Ja).xiso.iso	survey	300	196	0	38	75	booted	1						24	0	21	133			0	guest exited after 196s of 300s	m	m		#397 Thor pass-1 survey: Phantom Dust, no route on disk
1790822580-titleroutes-2819211	0-0-s-1790822580-titleroutes-2819211	10-01 02:43	titleroutes	survey	thor	Ninja Gaiden (Europe) (En,Fr,De,Es,It).i	survey	300	295	0	38	161	booted,play	1						34	0	2	50			0	guest exited after 295s of 300s	m	m		#397 Thor pass-1 survey: Ninja Gaiden (Europe), no route on disk
1790822581-titleroutes-2819301	0-0-s-1790822581-titleroutes-2819301	10-01 02:43	titleroutes	survey	thor	Deathrow (USA).xiso.iso	survey	300	208	0	37	78	booted	1						25	0	22	140			0	ROUTE STOPPED: com.jreinach.hakux.debug:xemu is gone, so the guest exited (not-foreground: com.magneticchen.daijishou (the focused applicati	e:heat	e:heat		#397 Thor pass-1 survey: Deathrow, no route on disk
1790823793-titleroutes-2949342	0-0-s-1790823793-titleroutes-2949342	10-01 03:03	titleroutes	survey	thor	53450038-Super_Monkey_Ball_Deluxe.xiso.i	survey	300	263	0	37	111	booted,play	1						32	0	0	0			0	ROUTE STOPPED: com.jreinach.hakux.debug:xemu is gone, so the guest exited (not-foreground: com.magneticchen.daijishou (the focused applicati	e:heat	e:heat		#397 Thor pass-1 survey: Super Monkey Ball Deluxe, no route on disk
1790823797-titleroutes-2950719	0-0-s-1790823797-titleroutes-2950719	10-01 03:03	titleroutes	survey	thor	545400B0-Family_Guy_Video_Game.xiso.iso	survey	300	308	0	37	165	booted,play	1						34	0	2	51			0		m	m		#397 Thor pass-1 survey: Family Guy: Video Game!, no route on disk
1790823800-titleroutes-2951589	0-0-s-1790823800-titleroutes-2951589	10-01 03:03	titleroutes	survey	thor	4D57000E-Gauntlet_Dark_Legacy.xiso.iso	survey	300	256	0	37	103	booted,play	1						32	0	0	0			0	ROUTE STOPPED: com.jreinach.hakux.debug:xemu is gone, so the guest exited (not-foreground: com.magneticchen.daijishou (the focused applicati	e:heat	e:heat		#397 Thor pass-1 survey: Gauntlet: Dark Legacy, no route on disk
1790823803-titleroutes-2951964	0-0-s-1790823803-titleroutes-2951964	10-01 03:03	titleroutes	survey	thor	5345002B-Sonic_Heroes.xiso.iso	survey	300	226	0	37	84	booted	1						27	0	24	157			0	ROUTE STOPPED: com.jreinach.hakux.debug:xemu is gone, so the guest exited (not-foreground: com.magneticchen.daijishou (the focused applicati	e:heat	e:heat	route-frames/211026-menu-a.png: generic survey's START/A cycle has PAUSED Sonic Heroes in play (Pause: Continue/Restart/Quit); then the Thor HEAT STOP (logs/thor-coldconfirm.log)	#397 Thor pass-1 survey: Sonic Heroes, no route on disk
1790823806-titleroutes-2952343	0-0-s-1790823806-titleroutes-2952343	10-01 03:03	titleroutes	survey	thor	53550001-Bistro_Cupid.xiso.iso	survey	300	305	0	26	155	booted,play	1						34	0	2	54			0		m	m		#397 Thor pass-1 survey: Bistro Cupid, no route on disk
1790823811-titleroutes-2952744	0-0-s-1790823811-titleroutes-2952744	10-01 03:03	titleroutes	survey	thor	Phantom Dust (USA) (En,Ja).xiso.iso	survey	300	197	0	37	72	booted	1						23	0	20	128			0	ROUTE STOPPED: com.jreinach.hakux.debug:xemu is gone, so the guest exited (not-foreground: com.magneticchen.daijishou (the focused applicati	e:heat	e:heat		#397 Thor pass-1 survey: Phantom Dust, requeue after HEAT STOP voided the first try at the old 480s cap
1790823861-titleroutes-2960863	0-0-s-1790823861-titleroutes-2960863	10-01 03:04	titleroutes	survey	thor	Psychonauts (USA).iso	survey	300	127	0	26	38	booted	1						12	0	9	58			0	ROUTE STOPPED: com.jreinach.hakux.debug:xemu is gone, so the guest exited (not-foreground: com.android.launcher3 (input focus is on display 	e:heat	e:heat		#397 Thor pass-1 survey: Psychonauts, retry -- first attempt lost to a launcher3 focus steal at 136s before its 14-cycle
1-1790826491-lane.verdict433-3477434	1-1790826491-lane.verdict433-3477434	10-01 03:48	lane.verdict433	other	nova	43560001-Kabuki_Warriors.xiso.iso	kabuki-warriors	420	422	0	42	734	gameplay	1	198.2	False	screening	hang: 23.0 s without 60 guest flips after the mark		16	0	0	0			0		c	c		#433 batch 10: Kabuki Warriors warm-up launch (records pipelines for P3's pre-build), kabuki-warriors route, nova, defau
1-1790826491-lane.verdict433-3477568	1-1790826491-lane.verdict433-3477568	10-01 03:48	lane.verdict433	confirm	nova	43560001-Kabuki_Warriors.xiso.iso	kabuki-warriors	1480	1481	0	36	4219	gameplay	1	1258.8	True	confirmation			16	0	0	0			0		d?	u	contact.png: Kabuki Warriors fight round at the mark 205954; no frame after the mark	#433 Playable confirmation (batch 10): Kabuki Warriors on master b1cea467c6 (P3 pre-build), second launch on this apk, k
1-1790826491-lane.verdict433-3477700	1-1790826491-lane.verdict433-3477700	10-01 03:48	lane.verdict433	confirm	nova	4D53006E-Forza_Motorsport.xiso.iso	survey	1480	1484	0	36	1324	booted,play	1	1253.7	False	confirmation	fps: 45.3% of gameplay at >= 30 fps (bar 90%)		81	0	49	1253			0		c+	b	route-frames/215609-play.png: Forza in race, 0 MPH, PLACE 8/8, lap 1/2 at race time 18:11, damaged car stopped; generic survey route	#433 Playable confirmation (batch 10): Forza Motorsport on master b1cea467c6 (#583 decay fix), survey route, nova, defau
1790830432-titleroutes-310926	0-0-s-1790830432-titleroutes-310926	10-01 04:53	titleroutes	routecheck	thor	545400B0-Family_Guy_Video_Game.xiso.iso	family-guy	300	306	0	26	307	booted,gameplay	1	189.4	False	screening	duration: 189 s of gameplay < 600 s screening		33	0	20	182			0		c	c		#397 Thor screen, lane.titleroutes session 46: family-guy route (from survey 2950719) replay + fps
1790830432-titleroutes-310985	0-0-s-1790830432-titleroutes-310985	10-01 04:53	titleroutes	routecheck	thor	53450038-Super_Monkey_Ball_Deluxe.xiso.i	super-monkey-ball-deluxe	300	250	0	37	125	booted,gameplay	1	48.5	False	screening	crash: guest exited after 250s		29	0	4	42			0	ROUTE STOPPED: com.jreinach.hakux.debug:xemu is gone, so the guest exited (not-foreground: com.magneticchen.daijishou (the focused applicati	e:heat	e:heat		#397 Thor screen, lane.titleroutes session 46: super-monkey-ball-deluxe route (from survey 2949342) replay + fps
1790830432-titleroutes-311058	0-0-s-1790830432-titleroutes-311058	10-01 04:53	titleroutes	routecheck	thor	5345002B-Sonic_Heroes.xiso.iso	sonic-heroes	300	247	0	29	137	booted,gameplay	1	61.4	False	screening	crash: guest exited after 247s		29	0	6	59			0	guest exited after 247s of 300s	c	c		#397 Thor screen, lane.titleroutes session 46: sonic-heroes route (from survey 2951964) replay + fps
1790830433-titleroutes-311114	0-0-s-1790830433-titleroutes-311114	10-01 04:53	titleroutes	survey	thor	41560004-Tony_Hawk_s_Pro_Skater_3.xiso.i	survey	300	246	0	29	93	booted	1						30	0	27	173			0	ROUTE STOPPED: com.jreinach.hakux.debug:xemu is gone, so the guest exited (not-foreground: com.magneticchen.daijishou (the focused applicati	e:heat	e:heat		#397 Thor pass-1 survey, lane.titleroutes session 46: Tony Hawk's Pro Skater 3 (Perfect)
1790830433-titleroutes-311173	0-0-s-1790830433-titleroutes-311173	10-01 04:53	titleroutes	survey	thor	45410004-SSX_Tricky.xiso.iso	survey	300	304	0	29	169	booted,play	1	75.4	False	screening	reached_gameplay: unconfirmed (generic route) -- review the contact sheet, then 		34	0	2	52			0		c	c		#397 Thor pass-1 survey, lane.titleroutes session 46: SSX Tricky (Perfect)
1790830434-titleroutes-311228	1790830434-titleroutes-311228	10-01 04:53	titleroutes	routecheck	nova	55530036-187_Ride_or_Die.xiso.iso	187-ride-or-die	300	0	0	36	0		0	0.0	False	screening	void: not-foreground: unknown (ee317437 has no focused window on display 0 (app=		0	0	0	0			0	ROUTE ABORTED: not foreground (unknown)	e:fg	e:fg		#397 route replay, lane.titleroutes session 46: 187 single route (creates profile N; the returning route's mark sat on t
1790830528-titleroutes-329478	0-0-s-1790830528-titleroutes-329478	10-01 04:55	titleroutes	screen	thor	Tony Hawk's Pro Skater 2x (USA).xiso.iso	thps2x	300	254	0	28	253	booted,gameplay	1	105.1	False	screening	crash: guest exited after 254s		13	0	0	0			0	ROUTE STOPPED: com.jreinach.hakux.debug:xemu is gone, so the guest exited (not-foreground: com.magneticchen.daijishou (the focused applicati	e:heat	e:heat		#397 Thor screen, lane.titleroutes session 46: thps2x re-marked (old mark sat on the Hangar checklist)
1790830528-titleroutes-329599	0-0-s-1790830528-titleroutes-329599	10-01 04:55	titleroutes	screen	thor	4B4E002D-Castlevania_Curse_of_Darkness.x	castlevania-cod.first-run	300	292	0	28	291	booted,profile-saved,gameplay	1	107.1	False	screening	crash: guest exited after 292s		20	0	0	0			0	ROUTE STOPPED: com.jreinach.hakux.debug:xemu is gone, so the guest exited (not-foreground: com.magneticchen.daijishou (the focused applicati	e:heat	e:heat		#397 Thor screen, lane.titleroutes session 46: castlevania re-marked (old mark sat on Name Entry)
1790839386-titleroutes-2237355	0-0-s-1790839386-titleroutes-2237355	10-01 07:23	titleroutes	screen	thor	53450038-Super_Monkey_Ball_Deluxe.xiso.i	super-monkey-ball-deluxe	300	246	0	33	137	booted,gameplay	1						30	0	5	50			0	ROUTE STOPPED: com.jreinach.hakux.debug:xemu is gone, so the guest exited (not-foreground: com.magneticchen.daijishou (the focused applicati	e:heat	e:heat		#397 thor screen: super-monkey-ball-deluxe route, lane.titleroutes session 47
1790839390-titleroutes-2237657	0-0-s-1790839390-titleroutes-2237657	10-01 07:23	titleroutes	screen	thor	5345002B-Sonic_Heroes.xiso.iso	sonic-heroes	300	246	0	17	148	booted,gameplay	1						30	0	7	63			0	ROUTE STOPPED: com.jreinach.hakux.debug:xemu is gone, so the guest exited (not-foreground: com.magneticchen.daijishou (the focused applicati	e:heat	e:heat		#397 thor screen: sonic-heroes route, lane.titleroutes session 47
1790839392-titleroutes-2237866	0-0-s-1790839392-titleroutes-2237866	10-01 07:23	titleroutes	screen	thor	Tony Hawk's Pro Skater 2x (USA).xiso.iso	thps2x	300	246	0	17	269	booted,gameplay	1						13	0	0	0			0	ROUTE STOPPED: com.jreinach.hakux.debug:xemu is gone, so the guest exited (not-foreground: com.magneticchen.daijishou (the focused applicati	e:heat	e:heat		#397 thor screen: thps2x route, lane.titleroutes session 47
1790839395-titleroutes-2238007	0-0-s-1790839395-titleroutes-2238007	10-01 07:23	titleroutes	screen	thor	41560004-Tony_Hawk_s_Pro_Skater_3.xiso.i	thps3	300	205	0	17	238	gameplay	1						10	0	0	0			0	ROUTE STOPPED: com.jreinach.hakux.debug:xemu is gone, so the guest exited (not-foreground: com.magneticchen.daijishou (the focused applicati	e:heat	e:heat		#397 thor screen: thps3 route, lane.titleroutes session 47
1790839398-titleroutes-2238193	0-0-s-1790839398-titleroutes-2238193	10-01 07:23	titleroutes	survey	thor	4B4E002D-Castlevania_Curse_of_Darkness.x	survey	300	284	0	0	144	booted,play	1						33	0	1	26			0	ROUTE STOPPED: com.jreinach.hakux.debug:xemu is gone, so the guest exited (not-foreground: com.magneticchen.daijishou (the focused applicati	e:heat	e:heat		#397 thor screen: survey route, lane.titleroutes session 47
1790839401-titleroutes-2238360	1790839401-titleroutes-2238360	10-01 07:23	titleroutes	screen	nova	55530036-187_Ride_or_Die.xiso.iso	187-ride-or-die	300	300	0	36	358	title,profile-select,profile-created,qui	1	212.5	False	screening	duration: 213 s of gameplay < 600 s screening		19	0	0	0			0		c	c		#397 nova screen: 187-ride-or-die route, lane.titleroutes session 47
1790846753-titleroutes-3234529	0-0-s-1790846753-titleroutes-3234529	10-01 09:25	titleroutes	screen	thor	4B4E002D-Castlevania_Curse_of_Darkness.x	castlevania-cod	300	78	0	13	18	booted	1						5	0	2	12			0	ROUTE STOPPED: com.jreinach.hakux.debug:xemu is gone, so the guest exited (not-foreground: com.magneticchen.daijishou (the focused applicati	e:heat	e:heat		#397 thor screen: castlevania-cod route, lane.titleroutes session 47
1-1790850024-titleroutes-3953302	0-0-s-1-1790850024-titleroutes-3953302	10-01 10:20	titleroutes	routecheck	thor	4D57000E-Gauntlet_Dark_Legacy.xiso.iso	gauntlet	300	20	0	13	6		1						1	0	0	0			0	guest exited after 20s of 300s	a	a		#397 thor screen: gauntlet.route 1st replay (newly authored), lane.titleroutes session 49
1-1790850027-titleroutes-3953658	0-0-s-1-1790850027-titleroutes-3953658	10-01 10:20	titleroutes	survey	thor	43430019-Capcom_Classics_Collection_Vol_	survey	300	31	0	0	6		1						1	0	0	0			0	ROUTE STOPPED: com.jreinach.hakux.debug:xemu is gone, so the guest exited (not-foreground: com.magneticchen.daijishou (the focused applicati	e:heat	e:heat		#397 thor screen: capcom-classics2 generic survey (replacing the guess route as a mark source), lane.titleroutes session
1-1790850029-titleroutes-3954081	0-0-s-1-1790850029-titleroutes-3954081	10-01 10:20	titleroutes	survey	thor	544B0004-Plus_Plumb_2.xiso.iso	survey	300	15	0	0	4		1						0	0	0	0			0	ROUTE STOPPED: com.jreinach.hakux.debug:xemu is gone, so the guest exited (not-foreground: com.magneticchen.daijishou (the focused applicati	e:heat	e:heat		#397 thor screen: Plus Plumb 2, new title, generic survey, lane.titleroutes session 49
1-1790850032-titleroutes-3954284	0-0-s-1-1790850032-titleroutes-3954284	10-01 10:20	titleroutes	survey	thor	41510001-Petit_Copter.xiso.iso	survey	300	111	0	0	36	booted	1						11	0	8	47			0	ROUTE STOPPED: com.jreinach.hakux.debug:xemu is gone, so the guest exited (not-foreground: com.magneticchen.daijishou (the focused applicati	e:heat	e:heat		#397 thor screen: Petit Copter, new title, generic survey, lane.titleroutes session 49
1-1790850035-titleroutes-3954488	0-0-s-1-1790850035-titleroutes-3954488	10-01 10:20	titleroutes	screen	thor	5345002B-Sonic_Heroes.xiso.iso	sonic-heroes	300	0	0	0	4		1						0	0	0	0			0	ROUTE STOPPED: com.jreinach.hakux.debug:xemu is gone, so the guest exited (not-foreground: com.magneticchen.daijishou (the focused applicati	e:heat	e:heat		#397 thor screen: sonic-heroes.route 3rd screen, tiebreaker (1 good/1 bad so far), lane.titleroutes session 49
1790850015-titleroutes-3951103	0-0-s-1790850015-titleroutes-3951103	10-01 10:20	titleroutes	routecheck	thor	4B4E002D-Castlevania_Curse_of_Darkness.x	castlevania-cod	300	78	0	13	18	booted	1						5	0	2	12			0	ROUTE STOPPED: com.jreinach.hakux.debug:xemu is gone, so the guest exited (not-foreground: com.magneticchen.daijishou (the focused applicati	e:heat	e:heat		#397 thor screen: castlevania-cod route 2nd replay (1st heat-stopped inconclusively), lane.titleroutes session 49
1790853287-titleroutes-569824	0-0-s-1790853287-titleroutes-569824	10-01 11:14	titleroutes	screen	thor	4D57000E-Gauntlet_Dark_Legacy.xiso.iso	gauntlet	300	73	0	0	15	booted	1						4	0	1	6			0	ROUTE STOPPED: com.jreinach.hakux.debug:xemu is gone, so the guest exited (not-foreground: com.magneticchen.daijishou (the focused applicati	e:heat	e:heat		#397 thor screen: gauntlet route (regimen default), lane.titleroutes session 50
1790859884-lane.local-1393064	1790859884-lane.local-1393064	10-01 13:04	lane.local	confirm	nova	55530036-187_Ride_or_Die.xiso.iso	187-ride-or-die	800	493	0	35	610	title,profile-select,profile-created,qui	1	404.1	False	screening	void: not-foreground: NotificationShade (holds input focus on display 0 of ee317		19	0	0	0			0	ROUTE ABORTED: not foreground (NotificationShade)	e:fg	e:fg		#433 Playable confirmation (600-s rule): 187: Ride or Die on its fixed route (titleroutes session 47; frame-checked: rac
1790860858-autoverdict-1510236	1790860858-autoverdict-1510236	10-01 13:20	autoverdict	confirm	nova	55530036-187_Ride_or_Die.xiso.iso	187-ride-or-die	840	842	0	31	1102	title,profile-select,profile-created,qui	1	752.2	True	confirmation			20	0	0	0			0		d?	u	route-frames/062254-gameplay.png: 187 race in progress (POS 6/6, lap -/4); no frame after the mark	#433 Playable confirmation (600-s rule, nominated: fixed route (titleroutes s47), frame-checked race start; first try vo
1790862575-autoverdict-1805573	1790862575-autoverdict-1805573	10-01 13:49	autoverdict	confirm	nova	4B4E002D-Castlevania_Curse_of_Darkness.x	survey	840	402	0	31	272	booted,play	1	175.0	False	screening	reached_gameplay: unconfirmed (generic route) -- review the contact sheet, then 		39	0	7	171			0	ROUTE STOPPED: com.jreinach.hakux.debug:xemu is gone, so the guest exited (not-foreground: org.es_de.frontend (the focused application on di	x	x		#433 Playable confirmation (600-s rule, nominated: Thor screen 97% at the bar for 292 s before its 70 C stop)
1790866838-autoverdict-1937886	1790866838-autoverdict-1937886	10-01 15:00	autoverdict	confirm	nova	41560001-Tony_Hawk_s_Pro_Skater_2x.xiso.	thps2x	840	844	0	31	1665	booted,gameplay	1	708.3	True	confirmation			13	0	1	1			0		d?	u	contact.png: THPS2x live skate at the mark (080319, timer 1:43 of a 2-min session); no frame after the mark	#433 Playable confirmation (600-s rule, nominated: Thor screen 100% at the bar for 254 s before its 70 C stop)
1790873999-autoverdict-2073899	1790873999-autoverdict-2073899	10-01 16:59	autoverdict	confirm	nova	45410076-Burnout_Revenge.xiso.iso	burnout-revenge.returning	840	843	0	32	678	gameplay	1	483.5	False	screening	duration: 484 s of gameplay < 600 s screening		23	0	0	0			0		c	c		#433 Playable confirmation (600-s rule, nominated: Nova screen 97.2% at the bar, median 39 fps; only the 102 s gameplay 
1790875419-autoverdict-2123622	1790875419-autoverdict-2123622	10-01 17:23	autoverdict	confirm	nova	54540082-Grand_Theft_Auto_San_Andreas.xi	gta-sa	840	841	0	32	1279	gameplay	1	634.8	False	confirmation	fps: 84.6% of gameplay at >= 30 fps (bar 90%)		9	0	0	0			0		c+	c+		#433 Playable confirmation (600-s rule, nominated: 30-fps capped by its own limiter; the Thor runs were heat-voided at 3
1790876348-autoverdict-2155592	1790876348-autoverdict-2155592	10-01 17:39	autoverdict	confirm	nova	4D530010-Blood_Wake.xiso.iso	blood-wake	840	844	0	32	773	gameplay	1	667.4	False	confirmation	audio: 0.136% of callbacks short (max 0.100%)		7	0	0	0			1		c+	u	contact.png + OWNER_ACCEPTED.txt: Blood Wake boat on open water at the mark 104239; "No later frame from this run exists"	#433 Playable confirmation (600-s rule, nominated: Thor screen hung 10.6 s and read 30% at 286 s with no thermal log; th
1790877270-autoverdict-2187810	1790877270-autoverdict-2187810	10-01 17:54	autoverdict	confirm	nova	45410062-Battlefield_2_Modern_Combat.xis	bf2mc	840	842	0	33	1340	gameplay	1	514.7	False	screening	duration: 515 s of gameplay < 600 s screening		20	0	0	0			0		c	c		#433 Playable confirmation (600-s rule, nominated: same question as Blood Wake: the Thor collapse may have been heat (#4
1790878175-autoverdict-2230436	1790878175-autoverdict-2230436	10-01 18:09	autoverdict	confirm	nova	49470013-Dungeons_Dragons_Heroes.xiso.is	dnd-heroes	840	840	0	33	1109	gameplay	1	556.6	False	screening	duration: 557 s of gameplay < 600 s screening		8	0	0	0			0		c	c		#433 Playable confirmation (600-s rule, nominated: 30-fps title never run on the Nova (#433/#507))
1790895867-autoverdict-3359625	1790895867-autoverdict-3359625	10-01 23:04	autoverdict	confirm	nova	4B4E002D-Castlevania_Curse_of_Darkness.x	castlevania-cod.returning	840	840	0	33	893	gameplay	1	560.1	False	screening	duration: 560 s of gameplay < 600 s screening		19	0	0	0			0		c	c		#433 Playable confirmation (600-s rule, nominated: route confirmed by a full unattended route.sh replay (titleroutes s56
1790897326-autoverdict-3745925	1790897326-autoverdict-3745925	10-01 23:28	autoverdict	confirm	nova	4B4E002D-Castlevania_Curse_of_Darkness.x	castlevania-cod.returning	900	901	0	37	971	gameplay	1	613.5	True	confirmation			19	0	0	0			0		d?	f	contact.png: Castlevania (returning route) on Name Entry from 163049 to the mark 163403; verdict PASS 613.5 s	#433 Playable confirmation (600-s rule, rerun: the first run's gameplay was 560 s because boot plus route took 280 s of 
1790900520-autoverdict-566484	1790900520-autoverdict-566484	10-02 00:22	autoverdict	confirm	nova	53450038-Super_Monkey_Ball_Deluxe.xiso.i	super-monkey-ball-deluxe	840	843	0	37	864	booted,gameplay	1	653.8	True	confirmation			90	0	65	646			0		d?	f	contact.png: Super Monkey Ball one rolling frame (172712), then Stage Select menu in every frame 172723..173759 (about 10.6 min); verdict PASS 653.8 s	#433 Playable confirmation (600-s rule, nominated: route confirmed by a full unattended route.sh replay (titleroutes s57
1790902028-titleroutes-1005086	1790902028-titleroutes-1005086	10-02 00:47	titleroutes	routecheck	nova	4B4E002D-Castlevania_Curse_of_Darkness.x	castlevania-cod.first-run	900	904	0	37	1057	gameplay	1	672.8	True	confirmation			16	0	1	1			0		d?	f	route-frames/175130-gameplay.png: Castlevania Name Entry (empty field, cursor on L) at the mark; verdict PASS 672.8 s	#397 route check (not a Playable confirmation): castlevania-cod.first-run on a disk with no real save, to make the regis
1790902215-autoverdict-1078702	1790902215-autoverdict-1078702	10-02 00:50	autoverdict	confirm	nova	5345002B-Sonic_Heroes.xiso.iso	sonic-heroes	840	816	0	38	805	booted,gameplay	1						89	0	66	588	WITHDRAWN by lane.local 2026-10-01 18:20 PDT at the owner's direction: stopped mid-run. It was queue		0	guest exited after 816s of 840s	m	f	route-frames 180609..181557: Sonic Heroes PAUSE menu (Continue/Restart/Quit) through the window, timer frozen 00:21:29; WITHDRAWN.txt: queued on the stale dispatch checkout, ran the old START/A route	#433 Playable confirmation (600-s rule, nominated: route rewritten from per-step nav.py observation (titleroutes s58) af
1790903439-titleroutes-1317193	1790903439-titleroutes-1317193	10-02 01:10	titleroutes	routecheck	nova	4B4E002D-Castlevania_Curse_of_Darkness.x	castlevania-cod.first-run	900	717	0	38	773	gameplay	1						17	0	0	0	WITHDRAWN by lane.local 2026-10-01 18:30 PDT: route check, stopped while stuck on Name Entry. Not a 		0	guest exited after 717s of 900s	m	f	route-frames/182126-gameplay.png: Castlevania Name Entry, field "AAIIIIII", at the mark; NOTE-stopped.txt (owner stop 10-01 18:29)	#397 route check (not a Playable confirmation): castlevania-cod.first-run re-tested with the self-healing name-type fix 
1790905334-titleroutes-1780552	1790905334-titleroutes-1780552	10-02 01:42	titleroutes	routecheck	nova	4B4E002D-Castlevania_Curse_of_Darkness.x	castlevania-cod.first-run	900	904	0	38	0		0	0.0	False	screening	reached_gameplay: no `mark gameplay` in logcat		0	0	0	0	WITHDRAWN by lane.local 2026-10-01 19:05 PDT: the dispatcher's snapshot route.sh predates the lane's		0	route.sh: /home/justin/hakux-work/dispatch/results/1790905334-titleroutes-1780552/route.txt:73: unknown step 'waitfor'	a	a		#397 route check (not a Playable confirmation): castlevania-cod.first-run re-tested with the real waitfor/press-until fi
1790910096-lane.local-2693820	1790910096-lane.local-2693820	10-02 03:01	lane.local	other	nova	5345002B-Sonic_Heroes.xiso.iso	sonic-heroes	840	840	0	38	651	booted,gameplay	1						69	0	55	545			0		m	m		#433 hitch-telemetry load run on the docked Nova (owner 19:3x: Sonic Heroes sub-second delays; not a verdict, route not 
1790917588-routedriver-4171714	1790917588-routedriver-4171714	10-02 05:06	routedriver	screen	nova	Crimson Skies - High Road to Revenge (US	crimson-skies	195	196	0	36	19	booted,gameplay	1						2	0	0	0			0		m	m		capture-cost A/B: screencap rate during gameplay, no capture (#433)
1790918323-routedriver-72414	1790918323-routedriver-72414	10-02 05:18	routedriver	screen	nova	Crimson Skies - High Road to Revenge (US	crimson-skies	195	195	0	36	19	booted,gameplay	1						2	139	0	0			0		m	m		capture-cost A/B: screencap every 1 s during gameplay (#433)
1790918326-routedriver-72649	1790918326-routedriver-72649	10-02 05:18	routedriver	screen	nova	Crimson Skies - High Road to Revenge (US	crimson-skies	195	195	0	36	19	booted,gameplay	1						2	38	0	0			0		m	m		capture-cost A/B: screencap every 5 s during gameplay (#433)
1790918365-titleroutes-76920	1790918365-titleroutes-76920	10-02 05:19	titleroutes	routecheck	nova	4B4E002D-Castlevania_Curse_of_Darkness.x	castlevania-cod.first-run	900	661	0	36	0		0						0	0	0	0	Withdrawn by lane.local at the owner's direction 22:40 PDT: castlevania-cod.first-run route died at 		0	route.sh: /home/justin/hakux-work/dispatch/results/1790918365-titleroutes-76920/route.txt:73: waitfor 'name-entry-header': no reference crop	a	a	run.log:9 route.sh died at route.txt:73 waitfor 'name-entry-header': no reference crop in the result dir refs/; WITHDRAWN.txt: intro video for the rest of the window	#397 route check (not a Playable confirmation): castlevania-cod.first-run re-tested with the waitfor/press-until fix, on
1790921686-titleroutes-1080767	1790921686-titleroutes-1080767	10-02 06:14	titleroutes	survey	nova	58490004-Black_Stone_Magic_Steel.xiso.is	survey	300	300	0	42	163	booted,play	1	69.0	False	screening	reached_gameplay: unconfirmed (generic route) -- review the contact sheet, then 		34	0	2	50			0		c	c		#397 pass-1 survey: Black Stone, Magic & Steel, no route yet (session 63, ADDENDUM 15 backlog)
1790921690-titleroutes-1082096	1790921690-titleroutes-1082096	10-02 06:14	titleroutes	survey	nova	4C410017-Star_Wars_Episode_III_Revenge_o	survey	300	302	0	42	174	booted,play	1	76.7	False	screening	reached_gameplay: unconfirmed (generic route) -- review the contact sheet, then 		35	0	3	75			0		c	c		#397 pass-1 survey: Star Wars: Episode III: Revenge of the Sith, no route yet (session 63, ADDENDUM 15 backlog)
1790921692-titleroutes-1082566	1790921692-titleroutes-1082566	10-02 06:14	titleroutes	survey	nova	48550001-Bloody_Roar_Extreme.xiso.iso	survey	300	301	0	42	162	booted,play	1	67.5	False	screening	reached_gameplay: unconfirmed (generic route) -- review the contact sheet, then 		34	0	2	51			0		c	c		#397 pass-1 survey: Bloody Roar: Extreme, no route yet (session 63, ADDENDUM 15 backlog)
1790921696-titleroutes-1084287	1790921696-titleroutes-1084287	10-02 06:14	titleroutes	survey	nova	5345000B-Gunvalkyrie.xiso.iso	survey	300	303	0	42	163	booted,play	1	70.5	False	screening	reached_gameplay: unconfirmed (generic route) -- review the contact sheet, then 		34	0	2	51			0		c	c		#397 pass-1 survey: Gunvalkyrie, no route yet (session 63, ADDENDUM 15 backlog)
1790928772-titleroutes-2771139	1790928772-titleroutes-2771139	10-02 08:12	titleroutes	survey	nova	Dino Crisis 3.iso	survey	300	302	0	50	165	booted,play	1	73.2	False	screening	reached_gameplay: unconfirmed (generic route) -- review the contact sheet, then 		34	0	2	49			0		c	c		#397 pass-1 survey (generic.route, blind menu pass): Dino Crisis 3, 13-title Nova backlog item
1790928774-titleroutes-2773088	1790928774-titleroutes-2773088	10-02 08:12	titleroutes	survey	nova	Buffy the Vampire Slayer (USA).xiso.iso	survey	300	304	0	51	165	booted,play	1	70.9	False	screening	reached_gameplay: unconfirmed (generic route) -- review the contact sheet, then 		34	0	2	51			0		c	c		#397 pass-1 survey (generic.route, blind menu pass): Buffy the Vampire Slayer, 13-title Nova backlog item
1790931260-titleroutes-3615015	1790931260-titleroutes-3615015	10-02 08:54	titleroutes	routecheck	nova	Dino Crisis 3.iso	dino-crisis-3	360	361	0	54	273	gameplay	1	207.2	False	screening	hang: 17.3 s without 60 guest flips after the mark		30	0	11	203			0		c	c		#397 route check (DRAFT replay, not a Playable confirmation): dino-crisis-3.route from survey 1790928772-titleroutes-277
1790931264-titleroutes-3615749	1790931264-titleroutes-3615749	10-02 08:54	titleroutes	routecheck	nova	Buffy the Vampire Slayer (USA).xiso.iso	buffy	360	362	0	54	284	gameplay	1	237.5	False	screening	duration: 237 s of gameplay < 600 s screening		26	0	12	227			0		c	c		#397 route check (DRAFT replay, not a Playable confirmation): buffy.route from survey 1790928774-titleroutes-2773088
1790932722-titleroutes-3976729	1790932722-titleroutes-3976729	10-02 09:18	titleroutes	routecheck	nova	Buffy the Vampire Slayer (USA).xiso.iso	buffy	360	362	0	55	324	gameplay	1	235.9	False	screening	duration: 236 s of gameplay < 600 s screening		26	0	11	229			0		c	b	contact.png: Buffy in play from 030510, then the same tree/sky view 030531..030859; 420 s request	#397 route check (DRAFT replay 2, not a Playable confirmation): buffy.route with B jumps after replay 1 stuck at a ledge
1790933948-titleroutes-171581	1790933948-titleroutes-171581	10-02 09:39	titleroutes	survey	nova	Halo Combat Evolved.iso	survey	300	303	0	55	173	booted,play	1						35	0	4	76			0		m	m		#397 pass-1 survey (generic route): Halo: Combat Evolved, Nova-only backlog (ADDENDUM 17)
1790933948-titleroutes-171701	1790933948-titleroutes-171701	10-02 09:39	titleroutes	survey	nova	Conker Live & Reloaded.iso	survey	300	303	0	55	158	booted,play	1						34	0	2	52			0		m	m		#397 pass-1 survey (generic route): Conker: Live & Reloaded, Nova-only backlog (ADDENDUM 17)
1790939914-titleroutes2-1445425	1790939914-titleroutes2-1445425	10-02 11:18	titleroutes2	routecheck	nova	5345000B-Gunvalkyrie.xiso.iso	gunvalkyrie	420	428	0	55	432	gameplay	1	251.3	False	screening	duration: 251 s of gameplay < 600 s screening		38	0	13	224			0		c	c		#397 route check (not a Playable confirmation): gunvalkyrie.route, first replay, built from survey 1790921696-titleroute
1790939919-titleroutes2-1446231	1790939919-titleroutes2-1446231	10-02 11:18	titleroutes2	routecheck	nova	48550001-Bloody_Roar_Extreme.xiso.iso	bloody-roar-extreme	420	426	0	54	885	gameplay	1	239.5	False	screening	hang: 10.8 s without 60 guest flips after the mark		36	0	11	223			0		c	c		#397 route check (not a Playable confirmation): bloody-roar-extreme.route, first replay, built from survey 1790921692-ti
1790939919-titleroutes2-1446307	1790939919-titleroutes2-1446307	10-02 11:18	titleroutes2	routecheck	nova	4C410017-Star_Wars_Episode_III_Revenge_o	star-wars-ep3	420	426	0	52	495	gameplay	1	182.8	False	screening	duration: 183 s of gameplay < 600 s screening		46	0	11	174			0		c	c		#397 route check (not a Playable confirmation): star-wars-ep3.route, first replay, built from survey 1790921690-titlerou
1790940485-titleroutes2-1611958	1790940485-titleroutes2-1611958	10-02 11:28	titleroutes2	routecheck	nova	5345000B-Gunvalkyrie.xiso.iso	gunvalkyrie	420	428	0	50	534	gameplay	1	251.8	False	screening	duration: 252 s of gameplay < 600 s screening		39	0	14	225			0		c	c		#397 route check (not a Playable confirmation): gunvalkyrie.route replay 2, A every 2-3 s for the tutorial boxes
1790940485-titleroutes2-1612232	1790940485-titleroutes2-1612232	10-02 11:28	titleroutes2	routecheck	nova	Halo Combat Evolved.iso	halo-ce	420	427	0	50	382	gameplay	1	246.6	False	screening	duration: 247 s of gameplay < 600 s screening		29	0	12	238			0		c	c		#397 route check (not a Playable confirmation): halo-ce.route replay 1, built from survey 1790933948-titleroutes-171581
1790940923-titleroutes2-1761085	1790940923-titleroutes2-1761085	10-02 11:35	titleroutes2	routecheck	nova	48550001-Bloody_Roar_Extreme.xiso.iso	bloody-roar-extreme	420	425	0	50	877	gameplay	1	202.8	False	screening	duration: 203 s of gameplay < 600 s screening		26	0	9	190			0		c	c		#397 route check (not a Playable confirmation): bloody-roar-extreme.route replay 2, fast START/A menu phase
1790941402-titleroutes2-1890328	1790941402-titleroutes2-1890328	10-02 11:43	titleroutes2	survey	nova	Ninja Gaiden Black.iso	survey	300	303	0	50	170	booted,play	1						34	0	2	49			0		m	m		#397 pass-1 survey (generic): Ninja Gaiden Black, no route yet (titleroutes backlog)
1790941860-titleroutes2-2053231	1790941860-titleroutes2-2053231	10-02 11:51	titleroutes2	routecheck	nova	5345000B-Gunvalkyrie.xiso.iso	gunvalkyrie	420	425	0	48	541	gameplay	1	253.5	False	screening	duration: 253 s of gameplay < 600 s screening		39	0	14	229			0		c	c		#397 route check (not a Playable confirmation): gunvalkyrie.route replay 3, wider turns + rocket boost
1790944628-titleroutes2-2686999	1790944628-titleroutes2-2686999	10-02 12:37	titleroutes2	routecheck	nova	5345000B-Gunvalkyrie.xiso.iso	gunvalkyrie	420	422	0	50	570	gameplay	1	247.0	False	screening	duration: 247 s of gameplay < 600 s screening		42	0	17	224			0		c	b	contact.png: Gunvalkyrie in play from 060321, then the same canyon-wall view in every frame 060508..060705; 420 s request	#397 route check (not a Playable confirmation): gunvalkyrie.route replay 4, no turning, strafe + boost
1790944628-titleroutes2-2687135	1790944628-titleroutes2-2687135	10-02 12:37	titleroutes2	routecheck	nova	Ninja Gaiden Black.iso	ninja-gaiden-black	420	422	0	50	344	gameplay	1	109.7	False	screening	duration: 110 s of gameplay < 600 s screening		59	0	12	107			0		c	c		#397 route check (not a Playable confirmation): ninja-gaiden-black.route replay 1, built from survey 1790941402-titlerou
1790944635-titleroutes2-2688279	1790944635-titleroutes2-2688279	10-02 12:37	titleroutes2	routecheck	nova	4C410017-Star_Wars_Episode_III_Revenge_o	star-wars-ep3	420	424	0	50	451	gameplay	1	183.8	False	screening	duration: 184 s of gameplay < 600 s screening		76	0	41	182			0		c	c		#397 route check (not a Playable confirmation): star-wars-ep3.route v2, an exploring loop with a frame per leg
1790946979-titleroutes2-3257388	1790946979-titleroutes2-3257388	10-02 13:16	titleroutes2	survey	nova	Halo 2.iso	survey	300	301	0	48	174	booted,play	1						35	0	3	75			0		m	m		#397 pass-1 survey (generic): Halo 2, no route yet (titleroutes backlog)
