name	rep	wall_ms	cpu_ms	fb_pipeline_ms	fb_vs_ms	fb_fs_ms	fb_gs_ms
spec:prog_skin4+gs+fs_spec	0	1088.476	1087.897	1088.427	335.128	314.037	377.955
spec:ff_unlit+gs+fs_spec	0	729.011	728.877	728.985	37.561	270.257	354.538
spec:ff_lit2+gs+fs_spec	0	2692.615	2685.445	2692.593	1680.561	273.660	442.566
uber:vp+gs+fs_spec	0	894.961	891.723	894.923	216.709	292.784	334.660
uber:ff+gs+fs_spec	0	2419.617	2415.597	2419.558	1659.926	265.864	331.070
uber:both+gs+fs_spec	0	2463.972	2460.658	2463.951	1761.180	237.444	317.456
uber:both+gs+fs_uber	0	3637.881	3637.572	3637.839	1655.745	1518.080	264.626
uber:both+fs_uber	0	3222.664	3222.183	3222.642	2084.849	927.569	0.000
spec:prog_pass+fs_spec	0	65.053	65.054	65.030	12.265	36.335	0.000
