name	rep	mono	vi	pr	fs	fo	link	pr_r	fs_r	lto
spec:prog_pass+fs_spec	0	39.238	0.012	3.999	94.477	0.012	0.018	4.252	90.974	16.929
spec:prog_pass+fs_uber	0	478.295	0.012	4.223	761.377	0.015	0.023	4.681	765.520	387.859
spec:ff_unlit+gs+fs_spec	0	304.768	0.007	225.807	95.222	0.009	0.020	237.256	93.801	226.082
spec:ff_unlit+gs+fs_uber	0	1072.716	0.010	207.354	603.043	0.020	0.018	260.123	642.836	697.842
spec:ff_lit2+gs+fs_spec	0	1305.035	0.011	1425.294	89.465	0.011	0.019	1475.901	95.994	467.456
spec:ff_lit2+gs+fs_uber	0	2302.704	0.010	1523.819	678.878	0.012	0.030	1390.543	676.938	1119.511
spec:prog_skin4+gs+fs_spec	0	359.941	0.011	252.561	99.995	0.008	0.019	257.608	104.068	290.139
uber:both+gs+fs_uber	0	1850.525	0.012	1175.302	646.871	0.011	0.023	1430.104	701.150	1088.494
spec:prog_pass+fs_spec	1	39.637	0.015	3.975	98.880	0.011	0.017	4.465	91.353	16.276
spec:prog_pass+fs_uber	1	494.703	0.008	4.126	622.014	0.011	0.025	4.255	587.843	331.020
spec:ff_unlit+gs+fs_spec	1	290.420	0.009	221.215	105.678	0.009	0.018	210.804	91.329	210.057
spec:ff_unlit+gs+fs_uber	1	868.536	0.010	200.930	644.332	0.012	0.029	204.098	636.959	689.462
spec:ff_lit2+gs+fs_spec	1	1296.506	0.010	1372.975	116.692	0.011	0.024	1611.628	106.631	475.895
spec:ff_lit2+gs+fs_uber	1	1973.193	0.010	1403.476	620.177	0.011	0.018	1349.211	656.067	1113.607
spec:prog_skin4+gs+fs_spec	1	364.216	0.010	248.179	88.033	0.008	0.016	251.899	107.031	283.595
uber:both+gs+fs_uber	1	2067.185	0.018	1370.524	685.366	0.012	0.018	1152.166	603.167	1044.139
spec:prog_pass+fs_spec	2	36.386	0.010	4.221	96.496	0.011	0.016	4.389	95.040	16.613
spec:prog_pass+fs_uber	2	439.172	0.007	4.074	627.045	0.011	0.017	4.079	566.087	337.985
spec:ff_unlit+gs+fs_spec	2	320.157	0.010	216.474	87.106	0.008	0.030	236.405	112.081	219.975
spec:ff_unlit+gs+fs_uber	2	830.745	0.011	206.103	628.741	0.017	0.017	207.206	629.894	735.073
spec:ff_lit2+gs+fs_spec	2	1495.130	0.010	1680.666	88.019	0.012	0.029	1387.229	99.666	483.302
spec:ff_lit2+gs+fs_uber	2	1975.702	0.012	1323.932	576.384	0.012	0.018	1422.718	579.363	1120.567
spec:prog_skin4+gs+fs_spec	2	395.903	0.013	323.718	106.148	0.011	0.027	279.753	115.532	316.984
uber:both+gs+fs_uber	2	1999.244	0.010	1177.684	573.235	0.016	0.024	1158.985	647.778	1025.114
