vshhost: 346 pairs written, 0 refused, to /home/justin/hakux-work/wt/uberspike569/docs/lanes/uberspike569/host/vshuber/build/pairs
51 rand5prog: DIFF {'Pos0': 64}; first v0 Pos0[1] spec 00000000 (0) uber 80000000 (-0)
53 rand7prog: DIFF {'gl_Position': 64, 'T2': 33}; first v0 gl_Position[2] spec 00000000 (0) uber 80000000 (-0)
79 rand33prog: DIFF {'fog/fs/mz/ps': 10, 'gl_PointSize': 10}; first v9 fog/fs/mz/ps[3] spec 00000000 (0) uber 80000000 (-0)
91 rand45prog: DIFF {'T2': 13}; first v1 T2[3] spec 00000000 (0) uber 80000000 (-0)
97 rand51prog: DIFF {'T3': 15}; first v1 T3[2] spec 00000000 (0) uber 80000000 (-0)
109 rand63prog: DIFF {'Pos0': 48}; first v0 Pos0[0] spec 80000000 (-0) uber 00000000 (0)
147 rand101prog: DIFF {'gl_Position': 64}; first v0 gl_Position[2] spec 00000000 (0) uber 80000000 (-0)
149 rand103prog: DIFF {'Pos0': 21, 'gl_Position': 21}; first v4 Pos0[2] spec 3fe99b4d (1.82505) uber 3fe99b4c (1.82505)
153 rand107prog: DIFF {'gl_Position': 45}; first v1 gl_Position[2] spec 00000000 (0) uber 80000000 (-0)
155 rand109prog: DIFF {'gl_Position': 64}; first v0 gl_Position[2] spec 00000000 (0) uber 80000000 (-0)
163 rand117prog: DIFF {'Pos0': 32, 'gl_Position': 64}; first v4 Pos0[2] spec bd3c3b14 (-0.0459548) uber bd3c3b18 (-0.0459548)
177 rand131prog: DIFF {'gl_Position': 64}; first v0 gl_Position[2] spec 00000000 (0) uber 80000000 (-0)
179 rand133prog: DIFF {'Pos0': 64}; first v0 Pos0[0] spec 00000000 (0) uber 80000000 (-0)
181 rand135prog: DIFF {'T1': 24}; first v0 T1[0] spec c04efc82 (-3.23416) uber c04efc83 (-3.23416)
183 rand137prog: DIFF {'T1': 57}; first v3 T1[0] spec 00000000 (0) uber 80000000 (-0)
195 rand149prog: DIFF {'Pos0': 10, 'gl_Position': 10}; first v1 Pos0[2] spec 3f0f989e (0.560923) uber 3f0f98a0 (0.560923)
197 rand151prog: DIFF {'gl_Position': 19}; first v5 gl_Position[2] spec 00000000 (0) uber 80000000 (-0)
207 rand161prog: DIFF {'gl_Position': 64}; first v0 gl_Position[2] spec 00000000 (0) uber 80000000 (-0)
213 rand167prog: DIFF {'T2': 128, 'gl_Position': 17}; first v0 T2[0] spec 3f74a73d (0.955677) uber 3f74a73c (0.955677)
217 rand171prog: DIFF {'Pos0': 10, 'gl_Position': 10}; first v5 Pos0[2] spec 3efd99d1 (0.495314) uber 3efd99cf (0.495314)
227 rand181prog: DIFF {'T1': 192}; first v0 T1[0] spec 00000000 (0) uber 80000000 (-0)
229 rand183prog: DIFF {'Pos0': 64}; first v0 Pos0[2] spec 3fa13f89 (1.25975) uber 3fa13f8a (1.25975)
231 rand185prog: DIFF {'T3': 6, 'Pos0': 6}; first v1 T3[0] spec 3ea10793 (0.314511) uber 3ea10791 (0.314511)
241 rand195prog: DIFF {'T2': 128}; first v0 T2[0] spec 00000000 (0) uber 80000000 (-0)
245 rand199prog: DIFF {'T0': 64}; first v0 T0[1] spec 80000000 (-0) uber 00000000 (0)
249 rand203prog: DIFF {'Pos0': 14, 'gl_Position': 28}; first v6 Pos0[2] spec 3ede5e7b (0.434315) uber 3ede5e79 (0.434315)
253 rand207prog: DIFF {'fog/fs/mz/ps': 6}; first v5 fog/fs/mz/ps[0] spec bfe2afcb (-1.77099) uber bfe2afcc (-1.77099)
255 rand209prog: DIFF {'gl_Position': 32}; first v0 gl_Position[2] spec 00000000 (0) uber 80000000 (-0)
277 rand231prog: DIFF {'T3': 21, 'Pos0': 48, 'gl_Position': 64}; first v0 T3[1] spec 3e863f46 (0.262201) uber 3e863f44 (0.262201)
295 rand249prog: DIFF {'Pos0': 192, 'gl_Position': 192}; first v0 Pos0[1] spec 00000000 (0) uber 80000000 (-0)
313 rand267prog: DIFF {'Pos0': 28}; first v3 Pos0[1] spec 80000000 (-0) uber 00000000 (0)
339 rand293prog: DIFF {'Pos0': 16, 'gl_Position': 14}; first v0 Pos0[2] spec bfbf1852 (-1.49293) uber bfbf1850 (-1.49293)
345 rand299prog: DIFF {'gl_Position': 64}; first v0 gl_Position[2] spec 00000000 (0) uber 80000000 (-0)
vshcheck: 313 identical, 33 differ, 0 spec compile fail, 0 uber compile fail, 0 refused
