t	line_px	line_x	LX	RT	LT	why
51.81	1556	796	0.0	0.7	0.0	straight
52.7	1567	796	0.0	0.7	0.0	straight
58.26	1126	848	0.69	0.51	0.0	line
59.14	1265	923	0.94	0.44	0.0	line
60.03	944	786	0.49	0.56	0.0	line
60.96	1101	304	-1.0	0.42	0.0	line
61.83	0		-1.0	0.3	0.0	lost-hold
62.71	1006	26	-1.0	0.42	0.0	line
63.64	777	613	-0.09	0.68	0.0	line
64.52	20	1275	-0.09	0.3	0.0	lost-hold
65.4	0		0.0	0.3	0.0	lost
66.22	0		0.0	0.3	0.0	lost
67.05	0		0.0	0.3	0.0	lost
67.88	0		0.0	0.3	0.0	lost
68.71	0		0.0	0.3	0.0	lost
69.59	0		0.0	0.3	0.0	lost
70.42	0		0.0	0.3	0.0	lost
71.24	0		0.0	0.3	0.0	lost
72.07	0		0.0	0.3	0.0	lost
72.9	0		0.0	0.3	0.0	lost
73.78	0		0.0	0.3	0.0	lost
74.6	0		0.0	0.3	0.0	lost
75.43	0		0.0	0.3	0.0	lost
76.27	0		0.0	0.3	0.0	lost
77.09	0		0.0	0.3	0.0	lost
77.93	0		0.0	0.3	0.0	lost
78.75	0		0.0	0.3	0.0	lost
79.57	0		0.0	0.3	0.0	lost
85.52	0		0.0	0.3	0.0	lost
86.41	0		0.0	0.3	0.0	lost
91.92	0		0.0	0.3	0.0	lost
92.76	0		0.0	0.3	0.0	lost
98.47	0		0.0	0.3	0.0	lost
99.35	0		0.0	0.3	0.0	lost
100.23	0		0.0	0.3	0.0	lost
101.11	0		0.0	0.3	0.0	lost
101.95	0		0.0	0.3	0.0	lost
102.78	0		0.0	0.3	0.0	lost
103.66	0		0.0	0.3	0.0	lost
104.49	0		0.0	0.3	0.0	lost
105.32	0		0.0	0.3	0.0	lost
106.16	0		0.0	0.3	0.0	lost
106.98	0		0.0	0.3	0.0	lost
107.8	0		0.0	0.3	0.0	lost
108.59	0		0.0	0.3	0.0	lost
109.41	0		0.0	0.3	0.0	lost
110.23	0		0.0	0.3	0.0	lost
111.01	0		0.0	0.3	0.0	lost
111.89	0		0.0	0.3	0.0	lost
112.72	0		0.0	0.3	0.0	lost
113.6	0		0.0	0.3	0.0	lost
114.43	0		0.0	0.3	0.0	lost
115.25	0		0.0	0.3	0.0	lost
116.03	0		0.0	0.3	0.0	lost
116.85	0		0.0	0.3	0.0	lost
117.63	0		0.0	0.3	0.0	lost
118.46	0		0.0	0.3	0.0	lost
119.29	0		0.0	0.3	0.0	lost
120.12	0		0.0	0.3	0.0	lost
120.95	0		0.0	0.3	0.0	lost
121.77	0		0.0	0.3	0.0	lost
122.6	0		0.0	0.3	0.0	lost
123.37	0		0.0	0.3	0.0	lost
124.15	0		0.0	0.3	0.0	lost
124.93	0		0.0	0.3	0.0	lost
125.71	0		0.0	0.3	0.0	lost
126.58	0		0.0	0.3	0.0	lost
127.42	0		0.0	0.3	0.0	lost
128.24	0		0.0	0.3	0.0	lost
129.12	0		0.0	0.3	0.0	lost
129.95	0		0.0	0.3	0.0	lost
130.83	0		0.0	0.3	0.0	lost
131.71	0		0.0	0.3	0.0	lost
132.6	0		0.0	0.3	0.0	lost
133.49	0		0.0	0.3	0.0	lost
134.32	0		0.0	0.3	0.0	lost
135.16	0		0.0	0.3	0.0	lost
136.03	0		0.0	0.3	0.0	lost
136.86	0		0.0	0.3	0.0	lost
137.73	0		0.0	0.3	0.0	lost
138.56	0		0.0	0.3	0.0	lost
139.39	0		0.0	0.3	0.0	lost
140.21	0		0.0	0.3	0.0	lost
141.03	0		0.0	0.3	0.0	lost
141.86	0		0.0	0.3	0.0	lost
142.73	0		0.0	0.3	0.0	lost
143.56	0		0.0	0.3	0.0	lost
144.38	0		0.0	0.3	0.0	lost
145.21	0		0.0	0.3	0.0	lost
146.08	0		0.0	0.3	0.0	lost
146.91	0		0.0	0.3	0.0	lost
147.78	0		0.0	0.3	0.0	lost
148.61	0		0.0	0.3	0.0	lost
149.49	0		0.0	0.3	0.0	lost
150.32	0		0.0	0.3	0.0	lost
151.2	0		0.0	0.3	0.0	lost
152.02	0		0.0	0.3	0.0	lost
152.9	0		0.0	0.3	0.0	lost
153.78	0		0.0	0.3	0.0	lost
154.6	0		0.0	0.3	0.0	lost
155.43	0		0.0	0.3	0.0	lost
156.31	0		0.0	0.3	0.0	lost
157.19	0		0.0	0.3	0.0	lost
157.96	0		0.0	0.3	0.0	lost
158.79	0		0.0	0.3	0.0	lost
159.67	0		0.0	0.3	0.0	lost
160.49	0		0.0	0.3	0.0	lost
161.37	0		0.0	0.3	0.0	lost
162.25	0		0.0	0.3	0.0	lost
163.13	0		0.0	0.3	0.0	lost
164.0	0		0.0	0.3	0.0	lost
164.88	0		0.0	0.3	0.0	lost
165.76	0		0.0	0.3	0.0	lost
166.65	0		0.0	0.3	0.0	lost
167.42	0		0.0	0.3	0.0	lost
168.3	0		0.0	0.3	0.0	lost
169.18	0		0.0	0.3	0.0	lost
170.05	0		0.0	0.3	0.0	lost
170.83	0		0.0	0.3	0.0	lost
171.65	0		0.0	0.3	0.0	lost
172.47	0		0.0	0.3	0.0	lost
173.35	0		0.0	0.3	0.0	lost
174.23	0		0.0	0.3	0.0	lost
175.06	0		0.0	0.3	0.0	lost
175.88	0		0.0	0.3	0.0	lost
176.77	0		0.0	0.3	0.0	lost
177.65	0		0.0	0.3	0.0	lost
178.47	0		0.0	0.3	0.0	lost
179.29	0		0.0	0.3	0.0	lost
180.2	0		0.0	0.3	0.0	lost
181.13	0		0.0	0.3	0.0	lost
182.0	0		0.0	0.3	0.0	lost
182.84	0		0.0	0.3	0.0	lost
183.72	0		0.0	0.3	0.0	lost
184.6	0		0.0	0.3	0.0	lost
185.47	0		0.0	0.3	0.0	lost
186.34	0		0.0	0.3	0.0	lost
187.22	0		0.0	0.3	0.0	lost
188.1	0		0.0	0.3	0.0	lost
188.98	0		0.0	0.3	0.0	lost
189.85	0		0.0	0.3	0.0	lost
190.73	0		0.0	0.3	0.0	lost
191.56	0		0.0	0.3	0.0	lost
192.43	0		0.0	0.3	0.0	lost
193.26	0		0.0	0.3	0.0	lost
194.14	0		0.0	0.3	0.0	lost
195.07	0		0.0	0.3	0.0	lost
195.94	0		0.0	0.3	0.0	lost
196.82	0		0.0	0.3	0.0	lost
197.7	0		0.0	0.3	0.0	lost
198.58	0		0.0	0.3	0.0	lost
199.46	0		0.0	0.3	0.0	lost
200.33	0		0.0	0.3	0.0	lost
201.22	0		0.0	0.3	0.0	lost
202.11	0		0.0	0.3	0.0	lost
202.94	0		0.0	0.3	0.0	lost
203.77	0		0.0	0.3	0.0	lost
204.59	0		0.0	0.3	0.0	lost
205.47	0		0.0	0.3	0.0	lost
206.36	0		0.0	0.3	0.0	lost
207.24	0		0.0	0.3	0.0	lost
208.12	0		0.0	0.3	0.0	lost
208.97	0		0.0	0.3	0.0	lost
209.86	0		0.0	0.3	0.0	lost
210.76	0		0.0	0.3	0.0	lost
211.64	0		0.0	0.3	0.0	lost
212.51	0		0.0	0.3	0.0	lost
213.39	0		0.0	0.3	0.0	lost
214.32	0		0.0	0.3	0.0	lost
215.22	0		0.0	0.3	0.0	lost
216.1	0		0.0	0.3	0.0	lost
216.98	0		0.0	0.3	0.0	lost
217.86	0		0.0	0.3	0.0	lost
218.73	0		0.0	0.3	0.0	lost
219.63	0		0.0	0.3	0.0	lost
220.54	0		0.0	0.3	0.0	lost
221.47	0		0.0	0.3	0.0	lost
222.35	0		0.0	0.3	0.0	lost
223.26	0		0.0	0.3	0.0	lost
224.2	0		0.0	0.3	0.0	lost
225.09	0		0.0	0.3	0.0	lost
225.92	0		0.0	0.3	0.0	lost
226.75	0		0.0	0.3	0.0	lost
227.63	0		0.0	0.3	0.0	lost
228.51	0		0.0	0.3	0.0	lost
229.45	0		0.0	0.3	0.0	lost
230.34	0		0.0	0.3	0.0	lost
231.27	0		0.0	0.3	0.0	lost
232.15	2	1279	0.0	0.3	0.0	lost
233.04	0		0.0	0.3	0.0	lost
233.97	0		0.0	0.3	0.0	lost
234.84	0		0.0	0.3	0.0	lost
235.67	0		0.0	0.3	0.0	lost
236.54	0		0.0	0.3	0.0	lost
237.42	0		0.0	0.3	0.0	lost
238.3	0		0.0	0.3	0.0	lost
239.19	0		0.0	0.3	0.0	lost
240.13	0		0.0	0.3	0.0	lost
