j	frame	blink1_permille	blink2_permille	hit
1	f00001@0.008	1.354	0.182	1
2	f00005@0.056	0.898	0.417	0
3	f00009@0.123	226.302	0.000	1
4	f00010@0.140	0.013	45.599	1
5	f00013@0.189	0.078	1.341	1
6	f00014@0.207	278.047	0.000	1
7	f00017@0.256	164.089	0.000	1
8	f00018@0.273	288.568	0.000	1
9	f00021@0.323	209.062	0.000	1
10	f00022@0.340	283.516	0.000	1
11	f00024@0.375	0.026	200.273	1
12	f00025@0.390	0.000	0.000	0
13	f00029@0.457	290.365	0.000	1
14	f00030@0.473	0.013	213.138	1
15	f00032@0.508	0.000	0.000	0
16	f00036@0.574	294.818	0.013	1
17	f00037@0.591	0.000	202.982	1
18	f00038@0.607	0.000	0.000	0
19	f00042@0.674	4.245	241.719	1
20	f00043@0.691	1.471	0.859	1
21	f00046@0.740	144.010	0.000	1
22	f00047@0.757	270.703	0.000	1
23	f00048@0.774	114.635	0.000	1
24	f00052@0.840	255.378	0.000	1
25	f00053@0.858	80.664	0.000	1
26	f00054@0.874	222.031	0.000	1
27	f00057@0.924	73.620	3.555	1
28	f00058@0.941	19.414	1.589	1
29	f00061@0.991	0.742	1.250	1
30	f00065@1.058	0.443	0.260	0
31	f00066@1.074	2.630	0.208	1
32	f00067@1.091	38.958	0.000	1
33	f00068@1.108	118.099	0.000	1
34	f00071@1.158	33.008	0.026	1
35	f00072@1.175	2.552	0.781	1
36	f00075@1.225	0.065	0.026	0
37	f00076@1.242	0.117	0.000	0
38	f00077@1.259	0.130	0.078	0
39	f00079@1.292	0.156	0.026	0
40	f00080@1.309	17.943	0.000	1
41	f00081@1.325	1.628	0.273	1
42	f00084@1.375	0.000	0.000	0
43	f00085@1.392	0.052	0.000	0
44	f00088@1.442	9.440	0.000	1
45	f00089@1.459	0.013	0.000	0
46	f00090@1.475	0.000	0.000	0
47	f00092@1.509	0.000	0.000	0
48	f00093@1.525	7.357	0.000	1
49	f00095@1.559	17.669	0.000	1
50	f00096@1.575	5.195	0.000	1
51	f00098@1.609	14.453	0.000	1
52	f00100@1.643	2.383	0.000	1
53	f00101@1.659	11.771	0.000	1
54	f00104@1.709	1.458	0.000	1
55	f00105@1.726	9.232	0.000	1
56	f00108@1.777	0.534	0.000	0
57	f00109@1.793	6.810	0.000	1
58	f00110@1.810	0.755	0.000	0
59	f00111@1.826	5.443	0.000	1
60	f00114@1.876	0.729	0.000	0
61	f00115@1.893	3.971	0.000	1
62	f00116@1.910	0.625	0.000	0
63	f00119@1.959	2.760	0.000	1
64	f00120@1.976	0.833	0.065	0
65	f00121@1.993	2.643	0.000	1
66	f00123@2.028	0.833	0.143	0
67	f00125@2.044	2.057	0.013	1
68	f00128@2.093	0.521	0.000	0
69	f00129@2.110	1.237	0.000	1
70	f00130@2.126	0.352	0.000	0
71	f00132@2.160	0.000	0.195	0
72	f00133@2.177	0.091	0.052	0
73	f00135@2.210	0.143	0.339	0
74	f00136@2.227	0.195	0.091	0
75	f00139@2.277	0.299	0.052	0
76	f00140@2.293	0.013	0.039	0
77	f00143@2.343	0.091	0.000	0
78	f00144@2.361	0.130	0.026	0
79	f00146@2.394	0.169	0.000	0
80	f00147@2.410	0.091	0.026	0
81	f00150@2.460	0.430	0.000	0
82	f00151@2.477	0.039	0.130	0
83	f00152@2.493	0.143	0.013	0
84	f00153@2.511	0.156	0.326	0
85	f00156@2.561	0.378	0.508	0
86	f00157@2.577	1.667	0.911	1
87	f00158@2.594	0.977	1.081	1
88	f00159@2.610	0.768	0.586	0
89	f00161@2.644	0.247	1.055	1
90	f00162@2.660	0.911	0.378	0
91	f00164@2.694	1.510	0.000	1
92	f00165@2.711	0.430	0.000	0
93	f00167@2.744	0.013	0.000	0
94	f00168@2.761	0.000	0.000	0
95	f00171@2.811	0.078	0.130	0
96	f00172@2.828	0.130	0.625	0
97	f00173@2.845	0.339	0.169	0
98	f00174@2.861	0.573	0.872	0
99	f00175@2.878	0.378	0.885	0
100	f00177@2.911	3.203	0.833	1
101	f00178@2.928	5.130	1.576	1
102	f00180@2.962	1.706	1.133	1
103	f00181@2.978	3.216	0.130	1
104	f00183@3.012	2.526	0.000	1
105	f00186@3.062	0.768	0.026	0
106	f00187@3.078	0.443	0.052	0
107	f00188@3.095	1.471	0.026	1
108	f00190@3.129	3.151	0.026	1
109	f00191@3.146	2.188	0.404	1
110	f00192@3.162	4.505	0.143	1
111	f00193@3.180	13.268	0.039	1
112	f00195@3.213	10.182	0.365	1
113	f00197@3.246	6.211	0.859	1
114	f00198@3.263	3.255	0.573	1
115	f00199@3.283	3.828	0.755	1
116	f00200@3.296	5.469	0.625	1
117	f00202@3.330	5.521	0.130	1
118	f00203@3.345	4.023	0.964	1
119	f00205@3.379	2.448	2.461	1
120	f00208@3.430	6.367	0.352	1
121	f00210@3.463	2.630	0.547	1
122	f00212@3.496	1.341	0.156	1
123	f00213@3.505	2.839	0.260	1
124	f00215@3.538	2.188	0.221	1
125	f00216@3.555	2.188	0.456	1
126	f00218@3.588	7.773	0.378	1
127	f00219@3.605	5.690	0.859	1
128	f00221@3.638	3.776	1.901	1
129	f00223@3.671	11.497	4.362	1
130	f00225@3.705	17.070	5.547	1
131	f00227@3.738	9.193	4.792	1
132	f00229@3.772	5.794	0.859	1
133	f00231@3.805	1.849	0.703	1
134	f00233@3.840	0.586	0.195	0
135	f00234@3.855	0.977	0.065	0
136	f00235@3.872	0.508	0.169	0
137	f00236@3.888	0.143	0.286	0
138	f00237@3.905	0.365	0.143	0
139	f00238@3.922	0.104	0.000	0
140	f00240@3.955	0.000	0.013	0
141	f00241@3.973	0.026	0.000	0
142	f00243@4.006	0.286	0.013	0
143	f00244@4.022	0.026	0.000	0
144	f00247@4.056	0.000	0.000	0
145	f00248@4.073	0.013	0.013	0
146	f00250@4.106	0.000	0.013	0
147	f00251@4.123	0.039	0.000	0
148	f00252@4.140	0.391	0.104	0
149	f00253@4.156	0.039	0.182	0
150	f00254@4.172	0.039	0.000	0
151	f00255@4.189	0.026	0.000	0
152	f00256@4.206	0.000	0.000	0
153	f00257@4.222	0.000	0.000	0
154	f00258@4.240	0.143	0.091	0
155	f00260@4.273	0.182	0.000	0
156	f00262@4.306	0.156	0.052	0
157	f00263@4.323	0.221	0.013	0
158	f00264@4.339	0.065	0.039	0
159	f00265@4.356	0.000	0.130	0
160	f00266@4.373	0.143	0.104	0
161	f00268@4.406	0.677	0.326	0
162	f00269@4.423	0.052	0.221	0
163	f00271@4.456	0.000	0.547	0
164	f00272@4.473	0.365	0.169	0
165	f00273@4.490	1.237	0.117	1
166	f00274@4.507	0.195	0.260	0
167	f00275@4.524	0.078	0.130	0
168	f00277@4.556	0.312	0.000	0
169	f00279@4.590	0.951	0.078	0
170	f00280@4.607	0.065	0.273	0
171	f00282@4.639	0.221	0.000	0
172	f00283@4.656	0.026	1.302	1
173	f00285@4.691	0.000	0.013	0
174	f00287@4.725	1.120	0.768	1
175	f00288@4.740	1.198	0.846	1
176	f00290@4.774	1.758	0.339	1
177	f00293@4.824	3.112	0.911	1
178	f00295@4.857	3.893	0.352	1
179	f00297@4.890	3.490	1.758	1
180	f00298@4.907	3.008	0.586	1
181	f00299@4.924	8.867	4.362	1
182	f00301@4.957	3.477	1.354	1
183	f00303@4.991	6.667	1.523	1
184	f00305@5.024	8.555	3.711	1
185	f00306@5.041	11.719	1.120	1
186	f00311@5.108	5.065	2.721	1
187	f00312@5.124	2.174	0.768	1
188	f00313@5.141	2.487	2.812	1
189	f00314@5.158	2.266	6.289	1
190	f00316@5.191	4.883	8.451	1
191	f00318@5.225	10.456	6.523	1
192	f00321@5.274	11.966	0.964	1
193	f00323@5.308	0.612	4.583	1
194	f00324@5.324	0.742	1.341	1
195	f00326@5.359	23.542	0.898	1
196	f00328@5.392	9.375	4.232	1
197	f00329@5.409	5.469	4.167	1
198	f00332@5.459	4.258	1.602	1
199	f00333@5.476	6.315	14.115	1
200	f00334@5.492	5.104	2.930	1
201	f00336@5.525	36.185	0.104	1
202	f00339@5.576	6.927	0.417	1
203	f00340@5.592	3.750	0.846	1
204	f00342@5.625	5.378	0.326	1
205	f00345@5.676	4.062	0.130	1
206	f00346@5.692	0.951	0.820	0
207	f00348@5.726	0.026	0.117	0
208	f00349@5.742	0.169	0.000	0
209	f00350@5.760	0.013	0.026	0
210	f00351@5.777	0.013	0.039	0
211	f00352@5.792	1.458	0.000	1
212	f00353@5.809	0.026	0.013	0
213	f00354@5.827	0.143	0.026	0
214	f00356@5.859	0.521	0.247	0
215	f00357@5.876	0.612	0.052	0
216	f00358@5.893	0.781	0.000	0
217	f00359@5.909	0.091	0.065	0
218	f00362@5.960	0.117	0.013	0
219	f00364@5.993	0.156	0.013	0
220	f00365@6.002	0.091	0.182	0
221	f00367@6.035	0.169	0.000	0
222	f00370@6.076	1.016	0.026	1
223	f00371@6.085	0.872	0.586	0
224	f00373@6.118	0.846	0.000	0
225	f00374@6.135	0.625	0.000	0
226	f00376@6.169	0.273	0.026	0
227	f00377@6.185	0.052	0.000	0
228	f00379@6.219	0.378	0.000	0
229	f00382@6.268	0.312	0.000	0
230	f00383@6.286	0.260	0.534	0
231	f00384@6.302	0.169	0.000	0
232	f00385@6.318	0.339	0.521	0
233	f00386@6.336	0.143	0.039	0
234	f00387@6.352	2.148	0.117	1
235	f00388@6.368	2.839	0.143	1
236	f00389@6.385	2.500	0.365	1
237	f00390@6.412	2.279	0.885	1
238	f00391@6.427	2.109	3.815	1
239	f00393@6.461	1.901	1.263	1
240	f00394@6.477	5.156	0.638	1
241	f00396@6.510	4.792	0.221	1
242	f00397@6.528	0.326	4.245	1
243	f00400@6.578	0.768	0.143	0
244	f00402@6.611	1.263	0.885	1
245	f00404@6.645	1.055	0.013	1
246	f00405@6.661	1.068	0.677	1
247	f00407@6.695	1.146	0.339	1
248	f00409@6.728	1.615	0.742	1
249	f00411@6.761	1.732	0.234	1
250	f00412@6.778	2.852	0.638	1
251	f00413@6.795	1.445	0.521	1
252	f00415@6.828	1.602	0.703	1
253	f00416@6.845	1.081	1.719	1
254	f00420@6.911	4.089	0.000	1
255	f00421@6.928	1.706	1.615	1
256	f00422@6.945	1.094	0.312	1
257	f00424@6.979	0.716	0.430	0
258	f00425@6.994	0.208	0.104	0
259	f00426@7.012	0.143	0.156	0
260	f00427@7.029	0.195	0.182	0
261	f00429@7.062	0.690	0.729	0
262	f00431@7.096	0.495	0.143	0
263	f00432@7.112	0.117	0.482	0
264	f00435@7.162	0.221	0.000	0
265	f00436@7.180	0.247	0.039	0
266	f00437@7.195	0.039	0.000	0
267	f00438@7.212	0.286	0.039	0
268	f00439@7.229	0.690	0.417	0
269	f00441@7.262	0.326	0.013	0
270	f00442@7.278	0.247	0.234	0
271	f00444@7.312	0.286	0.013	0
272	f00446@7.346	0.560	0.078	0
273	f00448@7.378	0.443	0.169	0
274	f00449@7.396	0.312	0.065	0
275	f00451@7.429	0.365	0.195	0
276	f00453@7.462	0.456	0.612	0
277	f00455@7.496	0.664	0.065	0
278	f00456@7.512	0.586	0.000	0
279	f00458@7.546	0.013	0.039	0
280	f00459@7.562	0.000	0.000	0
281	f00461@7.596	0.000	0.000	0
282	f00463@7.630	0.000	0.000	0
283	f00464@7.647	0.000	0.000	0
284	f00465@7.663	0.000	0.000	0
285	f00467@7.697	0.000	0.000	0
286	f00468@7.713	0.000	0.000	0
287	f00470@7.746	0.000	0.000	0
288	f00471@7.763	0.000	0.000	0
289	f00472@7.780	0.000	0.000	0
290	f00473@7.796	0.000	0.000	0
291	f00475@7.830	0.000	0.000	0
292	f00476@7.847	0.000	0.000	0
293	f00483@7.955	0.000	0.000	0
