run	t	fps	F	gbusy	gidle	vblank_ms	pgraph_ms	timer_ms	disc_ms	other_ms	Ri	v_run	v_rq	v_blk	vcpu	rthr	rwait	lockw	ph_GPU	ph_Draw	ph_Fin	ph_Idle	ph_Tot	BE
1-1791220912-lane.gpuclock-2642033	0.8	49.279	20.292	19.435	0.858	0.023	0.053	0.649	0.001	0.132	2.600	18.956	0.020	1.316	0.951	55.354	1.201							
1-1791220912-lane.gpuclock-2642033	2.8	46.062	21.710	13.687	8.023	0.145	0.593	5.941	0.005	1.338	0.100	21.001	0.021	0.688	0.971	55.354	1.201							
1-1791220912-lane.gpuclock-2642033	4.8	44.821	22.311	18.351	3.960	0.093	0.320	2.774	0.004	0.768	0.800	21.605	0.025	0.682	0.965	55.354	1.201							
1-1791220912-lane.gpuclock-2642033	6.8	30.407	32.887	23.116	9.771	0.157	0.970	6.988	0.002	1.655	3.600	29.395	0.037	3.456	0.857	55.354	1.201							
1-1791220912-lane.gpuclock-2642033	8.8	27.589	36.247	16.768	19.479	0.414	1.036	14.446	0.048	3.535	0.800	34.009	0.047	2.191	0.985	51.474	0.575							
1-1791220912-lane.gpuclock-2642033	10.8	28.301	35.334	15.085	20.249	0.558	0.989	15.020	0.013	3.669	0.100	34.770	0.025	0.539	0.981	51.474	0.575							
1-1791220912-lane.gpuclock-2642033	12.8	30.785	32.483	19.054	13.429	0.256	1.058	9.661	0.009	2.445	1.200	29.239	0.046	3.199	0.887	51.474	0.575							
1-1791220912-lane.gpuclock-2642033	14.8	31.046	32.210	14.535	17.674	0.516	0.973	12.986	0.014	3.186	0.100	31.109	0.039	1.062	0.981	51.474	0.575							
1-1791220912-lane.gpuclock-2642033	16.8	30.256	33.051	14.533	18.518	0.454	0.942	13.814	0.016	3.291	0.100	32.421	0.040	0.590	0.981	51.474	0.575							
1-1791220912-lane.gpuclock-2642033	18.8	38.941	25.680	13.779	11.901	0.241	0.704	8.728	0.005	2.222	0.100	25.228	0.016	0.436	0.980	57.848	0.583							
1-1791220912-lane.gpuclock-2642033	20.8	50.447	19.823	12.479	7.344	0.089	0.539	5.358	0.001	1.357	0.200	19.280	0.039	0.504	0.970	57.848	0.583							
1-1791220912-lane.gpuclock-2642033	22.8	44.146	22.652	13.397	9.255	0.168	0.663	6.735	0.001	1.687	0.200	22.008	0.023	0.621	0.976	57.848	0.583							
1-1791220912-lane.gpuclock-2642033	24.8	34.869	28.678	15.692	12.986	0.428	0.915	9.381	0.006	2.256	1.400	27.995	0.025	0.658	0.950	57.848	0.583							
1-1791220912-lane.gpuclock-2642033	26.8	32.912	30.384	14.397	15.988	0.401	0.934	11.672	0.008	2.972	0.100	28.918	0.076	1.390	0.977	57.848	0.583							
1-1791220912-lane.gpuclock-2642033	28.8	34.259	29.190	13.413	15.777	0.386	0.947	11.545	0.013	2.885	0.100	28.456	0.064	0.669	0.977	51.241	0.971							
1-1791220912-lane.gpuclock-2642033	30.8	40.817	24.499	12.012	12.488	0.396	0.864	8.936	0.008	2.285	0.100	23.977	0.019	0.503	0.973	51.241	0.971							
1-1791220912-lane.gpuclock-2642033	32.8	47.179	21.196	21.196	0.000	0.000	0.000	0.000	0.000	0.000	2.400	20.468	0.022	0.706	0.963	51.241	0.971							
1-1791220912-lane.gpuclock-2642033	34.8	37.479	26.682	14.197	12.485	0.347	0.994	8.865	0.002	2.277	0.100	25.873	0.021	0.788	0.975	51.241	0.971							
1-1791220912-lane.gpuclock-2642033	36.8	28.355	35.267	30.586	4.681	0.064	0.401	3.316	0.000	0.900	1.400	34.296	0.107	0.864	0.976	51.241	0.971							
1-1791220912-lane.gpuclock-2642033	38.8	28.910	34.590	27.283	7.307	0.159	0.692	5.128	0.001	1.327	11.300	33.880	0.036	0.675	0.975	56.465	1.121							
1-1791220912-lane.gpuclock-2642033	40.8	31.610	31.635	17.238	14.397	0.319	1.161	10.240	0.011	2.666	0.700	30.677	0.061	0.898	0.972	56.465	1.121							
1-1791220912-lane.gpuclock-2642033	42.8	28.861	34.648	21.647	13.001	0.259	0.942	9.456	0.009	2.335	0.300	33.660	0.073	0.916	0.930	56.465	1.121							
1-1791220912-lane.gpuclock-2642033	44.8	29.280	34.153	18.461	15.692	0.350	1.199	11.227	0.005	2.911	0.300	31.563	0.108	2.483	0.969	56.465	1.121							
1-1791220912-lane.gpuclock-2642033	46.8	43.080	23.213	20.082	3.130	0.109	0.233	2.202	0.001	0.585	3.700	22.599	0.023	0.590	0.961	56.465	1.121							
1-1791220912-lane.gpuclock-2642033	48.8	47.341	21.123	19.939	1.184	0.036	0.080	0.840	0.000	0.228	2.200	20.143	0.028	0.952	0.957	46.279	0.748							
1-1791220912-lane.gpuclock-2642033	50.8	34.245	29.201	20.341	8.861	0.347	0.669	6.268	0.002	1.575	0.100	28.300	0.052	0.849	0.978	46.279	0.748							
1-1791220912-lane.gpuclock-2642033	52.8	30.518	32.767	19.220	13.547	0.416	0.763	9.801	0.003	2.564	2.700	32.042	0.022	0.703	0.976	46.279	0.748							
1-1791220912-lane.gpuclock-2642033	54.8	28.828	34.688	19.039	15.649	0.374	0.819	11.483	0.013	2.960	0.100	33.989	0.052	0.648	0.983	46.279	0.748							
1-1791220912-lane.gpuclock-2642033	56.8	27.367	36.540	21.013	15.527	0.379	0.707	11.577	0.005	2.859	0.100	35.947	0.029	0.564	0.981	46.279	0.748							
1-1791220912-lane.gpuclock-2642033	58.8	26.287	38.042	27.461	10.581	0.342	0.438	7.828	0.006	1.967	9.200	37.234	0.025	0.783	0.981	44.517	0.760							
1-1791220912-lane.gpuclock-2642033	60.8	26.352	37.947	14.337	23.610	0.649	0.961	17.462	0.008	4.531	0.100	37.336	0.022	0.589	0.985	44.517	0.760							
1-1791220912-lane.gpuclock-2642033	62.8	27.019	37.011	37.011	0.000	0.000	0.000	0.000	0.000	0.000	11.800	36.300	0.055	0.656	0.980	44.517	0.760							
1-1791220912-lane.gpuclock-2642033	64.9	29.503	33.894	33.894	0.000	0.000	0.000	0.000	0.000	0.000	9.900	33.221	0.019	0.654	0.976	44.517	0.760							
1-1791220912-lane.gpuclock-2642033	66.9	38.674	25.857	13.075	12.782	0.356	0.860	9.030	0.009	2.527	0.100	25.206	0.023	0.628	0.974	44.517	0.760							
1-1791220912-lane.gpuclock-2642033	68.9	40.047	24.971	12.513	12.458	0.317	0.825	8.969	0.008	2.339	0.100	24.304	0.024	0.642	0.976	38.969	0.662							
1-1791220912-lane.gpuclock-2642033	70.9	37.589	26.604	10.305	16.299	0.481	1.050	11.657	0.016	3.094	0.100	25.994	0.018	0.591	0.978	38.969	0.662							
1-1791220912-lane.gpuclock-2642033	72.9	32.106	31.147	18.343	12.804	0.284	0.837	9.148	0.009	2.525	1.700	30.467	0.024	0.656	0.979	38.969	0.662							
1-1791220912-lane.gpuclock-2642033	74.9	29.339	34.084	20.470	13.615	0.389	0.564	9.973	0.010	2.678	2.500	33.516	0.022	0.547	0.984	38.969	0.662							
1-1791220912-lane.gpuclock-2642033	76.9	28.235	35.417	13.081	22.336	0.554	0.987	16.406	0.012	4.376	0.100	34.865	0.019	0.533	0.985	38.969	0.662							
1-1791220912-lane.gpuclock-2642033	78.9	29.427	33.982	30.173	3.809	0.124	0.193	2.748	0.000	0.744	31.800	33.322	0.023	0.638	0.978	5.498	1.138							
1-1791220912-lane.gpuclock-2642033	80.9	29.300	34.129	34.129	0.000	0.000	0.000	0.000	0.000	0.000	29.200	33.380	0.019	0.731	0.976	5.498	1.138							
1-1791220912-lane.gpuclock-2642033	82.9	29.733	33.632	33.632	0.000	0.000	0.000	0.000	0.000	0.000	30.900	32.844	0.021	0.767	0.979	5.498	1.138							
1-1791220912-lane.gpuclock-2642033	84.9	29.693	33.678	33.678	0.000	0.000	0.000	0.000	0.000	0.000	30.900	33.021	0.021	0.636	0.977	5.498	1.138							
1-1791220912-lane.gpuclock-2642033	86.9	28.819	34.699	34.699	0.000	0.000	0.000	0.000	0.000	0.000	29.500	33.850	0.024	0.825	0.978	5.498	1.138							
1-1791220912-lane.gpuclock-2642033	88.9	29.275	34.158	34.158	0.000	0.000	0.000	0.000	0.000	0.000	29.100	33.314	0.014	0.830	0.975	5.495	1.267							
1-1791220912-lane.gpuclock-2642033	90.9	29.891	33.455	33.455	0.000	0.000	0.000	0.000	0.000	0.000	29.200	32.587	0.016	0.852	0.975	5.495	1.267							
1-1791220912-lane.gpuclock-2642033	92.9	30.045	33.284	33.284	0.000	0.000	0.000	0.000	0.000	0.000	29.200	32.485	0.019	0.780	0.976	5.495	1.267							
1-1791220912-lane.gpuclock-2642033	94.9	29.195	34.253	34.253	0.000	0.000	0.000	0.000	0.000	0.000	29.400	33.361	0.018	0.874	0.976	5.495	1.267							
1-1791220912-lane.gpuclock-2642033	96.9	29.011	34.470	34.470	0.000	0.000	0.000	0.000	0.000	0.000	31.700	33.662	0.020	0.788	0.975	5.495	1.267							
1-1791220912-lane.gpuclock-2642033	98.9	29.640	33.738	33.738	0.000	0.000	0.000	0.000	0.000	0.000	32.800	32.864	0.024	0.850	0.970	5.427	1.261							
1-1791220912-lane.gpuclock-2642033	100.9	28.944	34.550	34.550	0.000	0.000	0.000	0.000	0.000	0.000	32.800	33.596	0.032	0.922	0.977	5.427	1.261							
1-1791220912-lane.gpuclock-2642033	102.9	29.252	34.186	34.186	0.000	0.000	0.000	0.000	0.000	0.000	30.400	33.372	0.018	0.796	0.977	5.427	1.261							
1-1791220912-lane.gpuclock-2642033	104.9	28.605	34.959	34.959	0.000	0.000	0.000	0.000	0.000	0.000	33.800	34.239	0.017	0.703	0.980	5.427	1.261							
1-1791220912-lane.gpuclock-2642033	106.9	28.510	35.076	35.076	0.000	0.000	0.000	0.000	0.000	0.000	30.200	34.220	0.023	0.833	0.975	5.427	1.261							
1-1791220912-lane.gpuclock-2642033	108.9	29.146	34.311	34.311	0.000	0.000	0.000	0.000	0.000	0.000	28.900	33.499	0.017	0.795	0.978	5.515	1.148							
1-1791220912-lane.gpuclock-2642033	110.9	29.228	34.214	34.214	0.000	0.000	0.000	0.000	0.000	0.000	29.100	33.379	0.019	0.817	0.976	5.515	1.148							
1-1791220912-lane.gpuclock-2642033	112.9	29.987	33.348	33.348	0.000	0.000	0.000	0.000	0.000	0.000	29.400	32.686	0.014	0.648	0.978	5.515	1.148							
1-1791220912-lane.gpuclock-2642033	114.9	29.878	33.470	33.470	0.000	0.000	0.000	0.000	0.000	0.000	29.300	32.658	0.021	0.790	0.978	5.515	1.148							
1-1791220912-lane.gpuclock-2642033	116.9	29.008	34.473	34.473	0.000	0.000	0.000	0.000	0.000	0.000	30.300	33.730	0.016	0.728	0.980	5.515	1.148							
1-1791220912-lane.gpuclock-2642033	118.9	28.470	35.125	35.125	0.000	0.000	0.000	0.000	0.000	0.000	30.100	34.406	0.014	0.704	0.978	5.505	1.315							
1-1791220912-lane.gpuclock-2642033	120.9	29.369	34.049	34.049	0.000	0.000	0.000	0.000	0.000	0.000	30.200	33.246	0.015	0.788	0.977	5.505	1.315							
1-1791220912-lane.gpuclock-2642033	122.9	29.673	33.700	33.700	0.000	0.000	0.000	0.000	0.000	0.000	30.100	32.809	0.019	0.872	0.973	5.505	1.315							
1-1791220912-lane.gpuclock-2642033	124.9	29.139	34.318	34.318	0.000	0.000	0.000	0.000	0.000	0.000	35.500	33.494	0.013	0.811	0.976	5.505	1.315							
1-1791220912-lane.gpuclock-2642033	126.9	29.773	33.587	33.587	0.000	0.000	0.000	0.000	0.000	0.000	30.700	32.803	0.018	0.766	0.978	5.505	1.315							
1-1791220912-lane.gpuclock-2642033	128.9	29.696	33.675	33.675	0.000	0.000	0.000	0.000	0.000	0.000	29.000	32.969	0.013	0.693	0.977	5.547	1.215							
1-1791220912-lane.gpuclock-2642033	130.9	29.625	33.756	33.756	0.000	0.000	0.000	0.000	0.000	0.000	34.300	32.976	0.010	0.770	0.979	5.547	1.215							
1-1791220912-lane.gpuclock-2642033	132.9	29.800	33.557	33.557	0.000	0.000	0.000	0.000	0.000	0.000	29.200	32.740	0.020	0.797	0.973	5.547	1.215							
1-1791220912-lane.gpuclock-2642033	134.9	30.046	33.282	33.282	0.000	0.000	0.000	0.000	0.000	0.000	29.500	32.325	0.013	0.945	0.975	5.547	1.215							
1-1791220912-lane.gpuclock-2642033	136.9	29.496	33.903	33.903	0.000	0.000	0.000	0.000	0.000	0.000	29.000	33.195	0.015	0.694	0.977	5.547	1.215							
1-1791220912-lane.gpuclock-2642033	138.9	29.612	33.771	33.771	0.000	0.000	0.000	0.000	0.000	0.000	29.700	32.829	0.020	0.921	0.974	38.202	0.765							
1-1791220912-lane.gpuclock-2642033	140.9	28.934	34.561	34.561	0.000	0.000	0.000	0.000	0.000	0.000	29.300	33.690	0.017	0.855	0.972	38.202	0.765							
1-1791220912-lane.gpuclock-2642033	142.9	33.015	30.290	19.408	10.882	0.257	0.731	7.647	0.007	2.240	18.400	29.492	0.018	0.780	0.975	38.202	0.765							
1-1791220912-lane.gpuclock-2642033	144.9	32.882	30.412	15.172	15.240	0.391	0.921	10.748	0.012	3.169	0.700	29.594	0.046	0.772	0.978	38.202	0.765							
1-1791220912-lane.gpuclock-2642033	146.9	28.855	34.655	14.584	20.071	0.541	1.035	14.394	0.013	4.088	0.100	34.109	0.026	0.520	0.978	38.202	0.765							
1-1791220912-lane.gpuclock-2642033	148.9	28.511	35.074	15.231	19.843	0.479	1.117	14.116	0.011	4.119	0.100	34.243	0.034	0.798	0.980	59.378	0.560							
1-1791220912-lane.gpuclock-2642033	150.9	33.467	29.880	13.490	16.390	0.497	1.072	11.373	0.010	3.438	0.100	29.203	0.048	0.629	0.976	59.378	0.560							
1-1791220912-lane.gpuclock-2642033	152.9	36.904	27.097	12.978	14.119	0.411	1.039	9.838	0.009	2.823	0.100	26.441	0.021	0.635	0.973	59.378	0.560							
1-1791220912-lane.gpuclock-2642033	155.0	34.646	28.863	12.898	15.965	0.365	1.075	11.268	0.010	3.246	0.100	28.117	0.028	0.718	0.978	59.378	0.560							
1-1791220912-lane.gpuclock-2642033	157.0	38.731	25.819	11.071	14.749	0.443	1.174	10.223	0.005	2.903	0.100	24.796	0.024	1.000	0.951	59.378	0.560							
1-1791220912-lane.gpuclock-2642033	159.0	38.487	25.983	8.835	17.149	0.565	1.168	11.899	0.005	3.511	0.100	25.150	0.023	0.810	0.975	61.489	0.675							
1-1791220912-lane.gpuclock-2642033	161.0	36.702	27.246	10.368	16.878	0.538	1.130	11.758	0.006	3.446	0.100	26.579	0.024	0.643	0.965	61.489	0.675							
1-1791220912-lane.gpuclock-2642033	163.0	32.166	31.089	14.801	16.288	0.422	1.073	11.468	0.006	3.319	0.100	29.873	0.044	1.172	0.953	61.489	0.675							
1-1791220912-lane.gpuclock-2642033	165.0	36.525	27.379	14.628	12.750	0.283	1.181	8.793	0.006	2.487	0.100	25.650	0.044	1.685	0.933	61.489	0.675							
1-1791220912-lane.gpuclock-2642033	167.0	36.456	27.431	14.084	13.347	0.371	1.104	9.323	0.007	2.542	0.200	25.611	0.037	1.782	0.934	61.489	0.675							
1-1791220912-lane.gpuclock-2642033	169.0	36.765	27.200	10.837	16.363	0.438	1.114	11.463	0.008	3.340	0.100	25.588	0.038	1.573	0.962	61.180	0.680							
1-1791220912-lane.gpuclock-2642033	171.0	37.970	26.336	9.176	17.160	0.500	1.141	12.073	0.005	3.441	0.100	25.556	0.044	0.736	0.971	61.180	0.680							
1-1791220912-lane.gpuclock-2642033	173.0	35.744	27.977	11.394	16.582	0.455	1.184	11.569	0.003	3.371	0.100	27.174	0.022	0.780	0.957	61.180	0.680							
1-1791220912-lane.gpuclock-2642033	175.0	33.290	30.039	13.828	16.211	0.478	1.095	11.183	0.006	3.449	0.200	28.804	0.047	1.188	0.955	61.180	0.680							
1-1791220912-lane.gpuclock-2642033	177.0	35.321	28.312	14.899	13.413	0.433	1.198	9.161	0.003	2.617	0.100	26.593	0.042	1.677	0.934	61.180	0.680							
1-1791220912-lane.gpuclock-2642033	179.0	35.495	28.173	14.468	13.705	0.376	1.098	9.317	0.004	2.910	0.300	26.324	0.065	1.783	0.935	60.806	0.679							
1-1791220912-lane.gpuclock-2642033	181.0	35.949	27.817	11.418	16.399	0.502	1.132	11.418	0.007	3.340	0.100	25.977	0.039	1.801	0.957	60.806	0.679							
1-1791220912-lane.gpuclock-2642033	183.0	37.944	26.355	9.432	16.923	0.525	1.074	11.769	0.003	3.551	0.100	25.640	0.030	0.685	0.970	60.806	0.679							
1-1791220912-lane.gpuclock-2642033	185.0	33.905	29.494	11.422	18.072	0.560	1.090	12.667	0.011	3.744	0.100	28.780	0.018	0.696	0.965	60.806	0.679							
1-1791220912-lane.gpuclock-2642033	187.0	33.040	30.266	13.468	16.798	0.456	1.109	11.773	0.010	3.450	0.100	29.200	0.027	1.039	0.954	60.806	0.679							
1-1791220912-lane.gpuclock-2642033	189.0	35.203	28.407	15.214	13.193	0.344	1.125	8.956	0.013	2.755	0.100	26.485	0.075	1.847	0.930	60.752	0.643							
1-1791220912-lane.gpuclock-2642033	191.0	35.864	27.883	14.744	13.139	0.315	1.100	9.012	0.005	2.707	0.200	25.905	0.047	1.931	0.926	60.752	0.643							
1-1791220912-lane.gpuclock-2642033	193.0	36.064	27.728	12.223	15.505	0.473	1.110	10.710	0.005	3.207	0.200	25.687	0.079	1.962	0.951	60.752	0.643							
1-1791220912-lane.gpuclock-2642033	195.0	39.081	25.588	8.953	16.635	0.566	1.158	11.522	0.004	3.385	0.100	24.888	0.020	0.680	0.973	60.752	0.643							
1-1791220912-lane.gpuclock-2642033	197.0	37.239	26.853	10.742	16.111	0.476	1.071	11.314	0.005	3.246	0.100	26.098	0.036	0.719	0.966	60.752	0.643							
1-1791220912-lane.gpuclock-2642033	199.0	34.221	29.222	12.815	16.407	0.476	1.064	11.590	0.005	3.271	0.200	28.172	0.059	0.991	0.956	61.166	0.724							
1-1791220912-lane.gpuclock-2642033	201.0	35.067	28.517	14.922	13.595	0.335	1.116	9.375	0.003	2.764	0.100	26.774	0.045	1.698	0.932	61.166	0.724							
1-1791220912-lane.gpuclock-2642033	203.0	35.438	28.218	14.255	13.963	0.342	1.069	9.659	0.008	2.885	0.100	26.223	0.060	1.936	0.932	61.166	0.724							
1-1791220912-lane.gpuclock-2642033	205.0	35.307	28.323	12.246	16.076	0.431	1.057	11.291	0.002	3.296	0.100	26.544	0.067	1.712	0.954	61.166	0.724							
1-1791220912-lane.gpuclock-2642033	207.0	38.474	25.992	8.907	17.085	0.471	1.110	11.923	0.011	3.570	0.100	25.288	0.023	0.681	0.975	61.166	0.724							
1-1791220912-lane.gpuclock-2642033	209.0	37.436	26.712	10.105	16.607	0.452	1.050	11.662	0.006	3.437	0.100	25.979	0.026	0.708	0.968	61.900	0.636							
1-1791220912-lane.gpuclock-2642033	211.0	33.610	29.753	13.117	16.636	0.478	1.123	11.773	0.015	3.247	0.100	28.646	0.041	1.066	0.955	61.900	0.636							
1-1791220912-lane.gpuclock-2642033	213.0	34.682	28.834	15.321	13.512	0.408	1.078	9.383	0.002	2.642	0.100	27.284	0.080	1.469	0.939	61.900	0.636							
1-1791220912-lane.gpuclock-2642033	215.0	35.331	28.304	15.122	13.182	0.357	1.058	9.253	0.002	2.511	0.100	26.214	0.092	1.997	0.925	61.900	0.636							
1-1791220912-lane.gpuclock-2642033	217.0	34.610	28.894	12.429	16.465	0.444	1.207	11.561	0.005	3.247	0.100	27.149	0.083	1.662	0.957	61.900	0.636							
1-1791220912-lane.gpuclock-2642033	219.0	36.691	27.255	9.758	17.497	0.571	1.152	12.270	0.005	3.500	0.100	26.441	0.048	0.766	0.969	62.479	0.763							
1-1791220912-lane.gpuclock-2642033	221.0	37.254	26.842	10.001	16.841	0.466	1.112	11.921	0.006	3.336	0.200	25.842	0.071	0.930	0.964	62.479	0.763							
1-1791220912-lane.gpuclock-2642033	223.0	34.358	29.105	13.775	15.329	0.375	1.100	10.802	0.008	3.044	0.100	27.887	0.057	1.161	0.948	62.479	0.763							
1-1791220912-lane.gpuclock-2642033	225.0	33.790	29.595	15.387	14.208	0.389	1.102	9.932	0.003	2.782	0.500	27.917	0.061	1.617	0.940	62.479	0.763							
1-1791220912-lane.gpuclock-2642033	227.0	35.428	28.226	14.677	13.549	0.386	1.065	9.676	0.011	2.411	0.100	26.272	0.059	1.895	0.925	62.479	0.763							
1-1791220912-lane.gpuclock-2642033	229.0	34.999	28.573	14.076	14.497	0.382	1.043	10.311	0.005	2.755	0.100	26.527	0.082	1.963	0.938	60.774	0.676							
1-1791220912-lane.gpuclock-2642033	231.0	36.797	27.176	9.750	17.426	0.456	1.153	12.729	0.008	3.079	0.100	26.142	0.048	0.986	0.969	60.774	0.676							
1-1791220912-lane.gpuclock-2642033	233.0	36.644	27.289	9.292	17.997	0.506	1.116	12.954	0.006	3.416	0.100	26.335	0.111	0.843	0.976	60.774	0.676							
1-1791220912-lane.gpuclock-2642033	235.0	34.095	29.330	13.019	16.311	0.476	1.123	11.548	0.006	3.158	0.200	28.314	0.020	0.996	0.951	60.774	0.676							
1-1791220912-lane.gpuclock-2642033	237.0	34.365	29.100	15.755	13.344	0.347	1.159	9.373	0.003	2.462	0.100	27.525	0.145	1.429	0.932	60.774	0.676							
1-1791220912-lane.gpuclock-2642033	239.0	35.879	27.871	14.752	13.119	0.406	1.101	9.189	0.007	2.416	0.100	25.791	0.053	2.027	0.927	60.834	0.640							
1-1791220912-lane.gpuclock-2642033	241.0	35.292	28.335	13.932	14.403	0.397	1.101	10.565	0.004	2.336	0.100	26.374	0.056	1.905	0.943	60.834	0.640							
1-1791220912-lane.gpuclock-2642033	243.0	37.225	26.864	9.247	17.617	0.535	1.091	13.067	0.009	2.915	0.100	25.858	0.045	0.962	0.972	60.834	0.640							
1-1791220912-lane.gpuclock-2642033	245.0	38.296	26.113	9.393	16.720	0.449	1.151	12.528	0.011	2.582	0.100	25.317	0.053	0.742	0.973	60.834	0.640							
1-1791220912-lane.gpuclock-2642033	247.0	35.939	27.825	12.554	15.271	0.425	1.075	11.506	0.010	2.255	0.100	26.909	0.030	0.886	0.953	60.834	0.640							
1-1791220912-lane.gpuclock-2642033	249.0	33.696	29.677	15.756	13.922	0.294	1.161	10.630	0.006	1.831	0.100	27.875	0.089	1.713	0.935	61.549	0.611							
1-1791220912-lane.gpuclock-2642033	251.0	35.980	27.793	14.428	13.365	0.419	1.135	10.042	0.010	1.760	0.300	26.197	0.073	1.524	0.935	61.549	0.611							
1-1791220912-lane.gpuclock-2642033	253.0	35.257	28.363	14.533	13.830	0.261	1.278	10.618	0.007	1.665	0.300	26.236	0.041	2.086	0.929	61.549	0.611							
1-1791220912-lane.gpuclock-2642033	255.0	36.493	27.402	9.648	17.755	0.549	1.068	14.133	0.005	1.999	0.100	26.108	0.083	1.212	0.973	61.549	0.611							
1-1791220912-lane.gpuclock-2642033	257.0	38.967	25.663	9.320	16.343	0.529	1.061	13.507	0.006	1.239	0.100	24.910	0.056	0.697	0.969	61.549	0.611							
1-1791220912-lane.gpuclock-2642033	259.0	35.511	28.160	11.836	16.324	0.407	1.014	13.688	0.004	1.212	0.100	27.119	0.029	1.012	0.956	61.497	0.615							
1-1791220912-lane.gpuclock-2642033	261.0	33.888	29.509	15.117	14.392	0.354	1.078	12.530	0.004	0.425	0.100	28.048	0.031	1.429	0.944	61.497	0.615							
1-1791220912-lane.gpuclock-2642033	263.0	35.151	28.449	14.909	13.539	0.281	1.195	11.796	0.006	0.261	0.200	26.652	0.048	1.749	0.929	61.497	0.615							
1-1791220912-lane.gpuclock-2642033	265.0	34.860	28.686	14.694	13.992	0.418	1.057	12.376	0.003	0.137	0.300	26.619	0.093	1.974	0.935	61.497	0.615							
1-1791220912-lane.gpuclock-2642033	267.0	34.504	28.982	9.774	19.209	0.527	1.027	17.583	0.009	0.063	0.100	27.905	0.042	1.035	0.977	61.497	0.615							
1-1791220912-lane.gpuclock-2642033	269.0	37.927	26.366	9.086	17.280	0.512	1.106	15.627	0.009	0.026	0.200	25.672	0.032	0.662	0.974	61.620	0.690							
1-1791220912-lane.gpuclock-2642033	271.0	35.091	28.497	11.979	16.518	0.372	1.189	14.943	0.014	0.000	0.100	27.428	0.098	0.970	0.957	61.620	0.690							
1-1791220912-lane.gpuclock-2642033	273.0	33.333	30.000	14.826	15.174	0.397	1.059	13.710	0.008	0.000	0.100	28.760	0.038	1.202	0.949	61.620	0.690							
1-1791220912-lane.gpuclock-2642033	275.0	34.543	28.949	15.158	13.791	0.331	1.164	12.288	0.007	0.000	0.200	27.258	0.080	1.611	0.932	61.620	0.690							
1-1791220912-lane.gpuclock-2642033	277.0	35.165	28.438	14.978	13.460	0.348	1.110	11.992	0.010	0.000	0.200	26.346	0.061	2.031	0.924	61.620	0.690							
1-1791220912-lane.gpuclock-2642033	279.0	33.926	29.476	10.579	18.897	0.546	1.094	17.249	0.008	0.000	0.100	27.931	0.033	1.512	0.974									
1-1791220912-lane.gpuclock-2642033	281.0	37.890	26.392	9.462	16.931	0.518	1.201	15.202	0.010	0.000	0.100	25.681	0.024	0.687	0.972									
1-1791220908-lane.gpuclock-2641880	0.7	49.650	20.141	20.141	0.000	0.000	0.000	0.000	0.000	0.000	5.300	19.530	0.015	0.595	0.970	50.014	1.606							
1-1791220908-lane.gpuclock-2641880	2.7	49.262	20.300	20.300	0.000	0.000	0.000	0.000	0.000	0.000	4.800	19.673	0.013	0.614	0.963	50.014	1.606							
1-1791220908-lane.gpuclock-2641880	4.7	38.791	25.779	24.418	1.361	0.039	0.121	1.107	0.002	0.091	3.700	24.430	0.171	1.179	0.945	50.014	1.606							
1-1791220908-lane.gpuclock-2641880	6.7	28.701	34.842	33.502	1.340	0.013	0.257	0.986	0.003	0.080	21.100	33.468	0.021	1.353	0.956	50.014	1.606							
1-1791220908-lane.gpuclock-2641880	8.7	29.889	33.457	29.761	3.696	0.023	0.634	2.793	0.002	0.243	18.400	30.559	0.106	2.792	0.889	61.827	0.916							
1-1791220908-lane.gpuclock-2641880	10.7	32.675	30.605	19.189	11.416	0.345	0.819	9.439	0.007	0.807	0.100	27.565	0.098	2.941	0.934	61.827	0.916							
1-1791220908-lane.gpuclock-2641880	12.7	34.804	28.732	14.206	14.526	0.474	1.017	11.988	0.007	1.039	0.100	27.872	0.028	0.832	0.978	61.827	0.916							
1-1791220908-lane.gpuclock-2641880	14.7	35.876	27.874	17.797	10.077	0.248	0.850	8.230	0.008	0.741	0.000	26.374	0.022	1.478	0.893	61.827	0.916							
1-1791220908-lane.gpuclock-2641880	16.7	39.003	25.639	19.967	5.672	0.051	0.869	4.360	0.002	0.390	3.500	21.096	0.042	4.501	0.844	61.827	0.916							
1-1791220908-lane.gpuclock-2641880	18.7	37.423	26.721	15.224	11.497	0.363	1.005	9.321	0.014	0.794	0.100	25.270	0.038	1.414	0.934	61.353	0.994							
1-1791220908-lane.gpuclock-2641880	20.7	39.114	25.566	14.866	10.701	0.302	0.879	8.734	0.014	0.772	0.100	22.782	0.028	2.756	0.933	61.353	0.994							
1-1791220908-lane.gpuclock-2641880	22.7	48.409	20.657	20.406	0.252	0.004	0.013	0.215	0.000	0.019	4.700	19.970	0.018	0.670	0.967	61.353	0.994							
1-1791220908-lane.gpuclock-2641880	24.7	48.858	20.468	17.598	2.869	0.113	0.270	2.283	0.003	0.201	4.800	19.866	0.017	0.584	0.972	61.353	0.994							
1-1791220908-lane.gpuclock-2641880	26.7	44.874	22.285	13.863	8.422	0.290	0.858	6.648	0.004	0.622	0.200	21.515	0.045	0.725	0.961	61.353	0.994							
1-1791220908-lane.gpuclock-2641880	28.7	36.876	27.118	16.119	10.999	0.320	0.852	8.994	0.004	0.828	1.700	25.169	0.022	1.927	0.934	58.340	1.101							
1-1791220908-lane.gpuclock-2641880	30.7	44.485	22.479	16.737	5.742	0.130	0.513	4.697	0.002	0.399	0.200	21.920	0.019	0.540	0.971	58.340	1.101							
1-1791220908-lane.gpuclock-2641880	32.7	49.169	20.338	18.832	1.506	0.060	0.139	1.202	0.000	0.104	1.800	19.710	0.036	0.592	0.968	58.340	1.101							
1-1791220908-lane.gpuclock-2641880	34.7	48.294	20.707	20.707	0.000	0.000	0.000	0.000	0.000	0.000	5.200	19.943	0.017	0.747	0.963	58.340	1.101							
1-1791220908-lane.gpuclock-2641880	36.7	40.861	24.473	18.297	6.176	0.180	0.545	5.029	0.002	0.420	2.400	23.545	0.024	0.905	0.965	58.340	1.101							
1-1791220908-lane.gpuclock-2641880	38.7	34.367	29.098	21.917	7.181	0.249	0.704	5.691	0.003	0.535	0.100	28.306	0.066	0.725	0.975	56.687	0.726							
1-1791220908-lane.gpuclock-2641880	40.8	27.134	36.854	35.607	1.247	0.032	0.123	0.981	0.000	0.111	13.700	35.983	0.030	0.841	0.978	56.687	0.726							
1-1791220908-lane.gpuclock-2641880	42.8	37.780	26.469	17.497	8.972	0.258	0.927	7.122	0.003	0.662	0.100	25.872	0.025	0.572	0.974	56.687	0.726							
1-1791220908-lane.gpuclock-2641880	44.8	36.855	27.133	17.249	9.884	0.222	0.925	8.007	0.005	0.725	0.100	26.335	0.023	0.775	0.962	56.687	0.726							
1-1791220908-lane.gpuclock-2641880	46.8	32.933	30.365	18.410	11.955	0.344	0.961	9.674	0.010	0.966	0.100	29.119	0.108	1.138	0.971	56.687	0.726							
1-1791220908-lane.gpuclock-2641880	48.8	40.864	24.472	18.438	6.034	0.176	0.575	4.812	0.001	0.470	0.500	23.633	0.028	0.810	0.961	47.824	1.212							
1-1791220908-lane.gpuclock-2641880	50.8	49.098	20.367	20.367	0.000	0.000	0.000	0.000	0.000	0.000	4.400	19.582	0.016	0.769	0.963	47.824	1.212							
1-1791220908-lane.gpuclock-2641880	52.8	45.245	22.102	19.990	2.112	0.088	0.251	1.627	0.000	0.146	12.000	21.242	0.016	0.844	0.963	47.824	1.212							
1-1791220908-lane.gpuclock-2641880	54.8	25.630	39.017	38.354	0.663	0.015	0.078	0.524	0.000	0.046	12.000	38.132	0.052	0.832	0.981	47.824	1.212							
1-1791220908-lane.gpuclock-2641880	56.8	26.819	37.287	35.832	1.455	0.013	0.173	1.156	0.002	0.112	12.500	36.634	0.021	0.632	0.981	47.824	1.212							
1-1791220908-lane.gpuclock-2641880	58.8	27.295	36.636	33.992	2.645	0.090	0.211	2.133	0.000	0.211	7.800	35.892	0.021	0.723	0.980	42.987	1.053							
1-1791220908-lane.gpuclock-2641880	60.8	26.652	37.520	36.282	1.238	0.030	0.148	0.965	0.000	0.095	10.900	36.709	0.019	0.793	0.979	42.987	1.053							
1-1791220908-lane.gpuclock-2641880	62.8	26.517	37.712	34.537	3.174	0.073	0.236	2.641	0.002	0.223	8.100	36.965	0.024	0.722	0.980	42.987	1.053							
1-1791220908-lane.gpuclock-2641880	64.9	27.010	37.024	36.920	0.104	0.005	0.020	0.073	0.000	0.006	15.200	36.131	0.015	0.878	0.970	42.987	1.053							
1-1791220908-lane.gpuclock-2641880	66.9	29.905	33.439	33.439	0.000	0.000	0.000	0.000	0.000	0.000	14.900	32.543	0.116	0.780	0.978	42.987	1.053							
1-1791220908-lane.gpuclock-2641880	68.9	41.815	23.915	23.232	0.683	0.011	0.068	0.554	0.001	0.048	1.500	23.293	0.018	0.604	0.967	50.311	1.267							
1-1791220908-lane.gpuclock-2641880	70.9	49.644	20.143	20.143	0.000	0.000	0.000	0.000	0.000	0.000	3.100	19.303	0.016	0.824	0.962	50.311	1.267							
1-1791220908-lane.gpuclock-2641880	72.9	47.665	20.980	20.980	0.000	0.000	0.000	0.000	0.000	0.000	2.100	20.401	0.018	0.560	0.970	50.311	1.267							
1-1791220908-lane.gpuclock-2641880	74.9	32.621	30.655	30.655	0.000	0.000	0.000	0.000	0.000	0.000	12.900	29.829	0.023	0.802	0.981	50.311	1.267							
1-1791220908-lane.gpuclock-2641880	76.9	26.942	37.116	36.305	0.811	0.014	0.057	0.673	0.000	0.068	10.600	36.482	0.015	0.619	0.983	50.311	1.267							
1-1791220908-lane.gpuclock-2641880	78.9	33.068	30.241	17.945	12.296	0.359	0.711	10.196	0.004	1.027	0.100	29.640	0.021	0.580	0.977	10.418	0.714							
1-1791220908-lane.gpuclock-2641880	80.9	32.074	31.177	23.762	7.415	0.237	0.457	6.108	0.001	0.611	34.800	30.155	0.224	0.798	0.967	10.418	0.714							
1-1791220908-lane.gpuclock-2641880	82.9	29.215	34.229	34.229	0.000	0.000	0.000	0.000	0.000	0.000	30.800	33.419	0.010	0.800	0.977	10.418	0.714							
1-1791220908-lane.gpuclock-2641880	84.9	25.610	39.047	39.047	0.000	0.000	0.000	0.000	0.000	0.000	42.700	38.249	0.025	0.773	0.983	10.418	0.714							
1-1791220908-lane.gpuclock-2641880	86.9	22.582	44.283	44.283	0.000	0.000	0.000	0.000	0.000	0.000	42.700	43.691	0.012	0.580	0.987	10.418	0.714							
1-1791220908-lane.gpuclock-2641880	88.9	22.794	43.871	43.871	0.000	0.000	0.000	0.000	0.000	0.000	41.600	43.287	0.015	0.570	0.988	4.615	0.643							
1-1791220908-lane.gpuclock-2641880	90.9	23.200	43.103	43.103	0.000	0.000	0.000	0.000	0.000	0.000	43.800	42.562	0.019	0.522	0.987	4.615	0.643							
1-1791220908-lane.gpuclock-2641880	92.9	23.656	42.272	42.272	0.000	0.000	0.000	0.000	0.000	0.000	37.400	41.720	0.014	0.538	0.988	4.615	0.643							
1-1791220908-lane.gpuclock-2641880	94.9	23.447	42.650	42.650	0.000	0.000	0.000	0.000	0.000	0.000	37.400	42.116	0.013	0.521	0.987	4.615	0.643							
1-1791220908-lane.gpuclock-2641880	96.9	22.568	44.310	44.310	0.000	0.000	0.000	0.000	0.000	0.000	37.800	43.751	0.019	0.540	0.988	4.615	0.643							
1-1791220908-lane.gpuclock-2641880	98.9	24.179	41.358	41.358	0.000	0.000	0.000	0.000	0.000	0.000	35.600	40.845	0.014	0.499	0.987	5.009	0.707							
1-1791220908-lane.gpuclock-2641880	100.9	26.541	37.678	37.678	0.000	0.000	0.000	0.000	0.000	0.000	35.400	37.176	0.013	0.489	0.988	5.009	0.707							
1-1791220908-lane.gpuclock-2641880	102.9	27.156	36.824	36.824	0.000	0.000	0.000	0.000	0.000	0.000	33.400	36.340	0.017	0.467	0.987	5.009	0.707							
1-1791220908-lane.gpuclock-2641880	104.9	25.298	39.529	39.529	0.000	0.000	0.000	0.000	0.000	0.000	35.400	39.019	0.014	0.496	0.986	5.009	0.707							
1-1791220908-lane.gpuclock-2641880	106.9	23.725	42.150	42.150	0.000	0.000	0.000	0.000	0.000	0.000	35.400	41.599	0.019	0.532	0.988	5.009	0.707							
1-1791220908-lane.gpuclock-2641880	108.9	26.256	38.086	38.086	0.000	0.000	0.000	0.000	0.000	0.000	40.900	37.621	0.012	0.453	0.987	5.191	0.831							
1-1791220908-lane.gpuclock-2641880	110.9	27.888	35.857	35.857	0.000	0.000	0.000	0.000	0.000	0.000	33.600	35.376	0.015	0.466	0.987	5.191	0.831							
1-1791220908-lane.gpuclock-2641880	112.9	28.528	35.053	35.053	0.000	0.000	0.000	0.000	0.000	0.000	30.100	34.592	0.012	0.449	0.987	5.191	0.831							
1-1791220908-lane.gpuclock-2641880	114.9	29.051	34.422	34.422	0.000	0.000	0.000	0.000	0.000	0.000	29.700	33.965	0.017	0.440	0.987	5.191	0.831							
1-1791220908-lane.gpuclock-2641880	116.9	28.900	34.602	34.602	0.000	0.000	0.000	0.000	0.000	0.000	35.700	34.131	0.015	0.456	0.987	5.191	0.831							
1-1791220908-lane.gpuclock-2641880	118.9	27.404	36.491	36.491	0.000	0.000	0.000	0.000	0.000	0.000	36.000	35.981	0.014	0.495	0.985	4.735	0.679							
1-1791220908-lane.gpuclock-2641880	120.9	25.441	39.307	39.307	0.000	0.000	0.000	0.000	0.000	0.000	34.200	38.717	0.015	0.575	0.986	4.735	0.679							
1-1791220908-lane.gpuclock-2641880	122.9	23.818	41.984	41.984	0.000	0.000	0.000	0.000	0.000	0.000	43.600	41.452	0.015	0.517	0.987	4.735	0.679							
1-1791220908-lane.gpuclock-2641880	124.9	22.590	44.267	44.267	0.000	0.000	0.000	0.000	0.000	0.000	43.600	43.719	0.016	0.532	0.987	4.735	0.679							
1-1791220908-lane.gpuclock-2641880	126.9	24.838	40.261	40.261	0.000	0.000	0.000	0.000	0.000	0.000	39.700	39.743	0.016	0.502	0.988	4.735	0.679							
1-1791220908-lane.gpuclock-2641880	128.9	23.312	42.896	42.896	0.000	0.000	0.000	0.000	0.000	0.000	45.900	42.344	0.018	0.535	0.987	4.504	0.642							
1-1791220908-lane.gpuclock-2641880	130.9	22.305	44.833	44.833	0.000	0.000	0.000	0.000	0.000	0.000	43.600	44.270	0.019	0.544	0.987	4.504	0.642							
1-1791220908-lane.gpuclock-2641880	132.9	22.590	44.267	44.267	0.000	0.000	0.000	0.000	0.000	0.000	43.600	43.683	0.016	0.568	0.987	4.504	0.642							
1-1791220908-lane.gpuclock-2641880	134.9	23.135	43.225	43.225	0.000	0.000	0.000	0.000	0.000	0.000	36.800	42.686	0.013	0.526	0.988	4.504	0.642							
1-1791220908-lane.gpuclock-2641880	136.9	22.601	44.247	44.247	0.000	0.000	0.000	0.000	0.000	0.000	38.100	43.705	0.020	0.522	0.987	4.504	0.642							
1-1791220908-lane.gpuclock-2641880	138.9	23.501	42.551	42.551	0.000	0.000	0.000	0.000	0.000	0.000	49.200	41.978	0.017	0.556	0.987	5.375	0.882							
1-1791220908-lane.gpuclock-2641880	140.9	26.624	37.560	37.560	0.000	0.000	0.000	0.000	0.000	0.000	35.200	37.068	0.016	0.476	0.987	5.375	0.882							
1-1791220908-lane.gpuclock-2641880	142.9	29.388	34.027	34.027	0.000	0.000	0.000	0.000	0.000	0.000	35.800	33.556	0.015	0.456	0.986	5.375	0.882							
1-1791220908-lane.gpuclock-2641880	145.0	27.334	36.584	36.584	0.000	0.000	0.000	0.000	0.000	0.000	34.900	36.080	0.012	0.493	0.987	5.375	0.882							
1-1791220908-lane.gpuclock-2641880	147.0	26.798	37.317	37.317	0.000	0.000	0.000	0.000	0.000	0.000	34.900	36.819	0.011	0.486	0.987	5.375	0.882							
1-1791220908-lane.gpuclock-2641880	149.0	29.168	34.284	34.284	0.000	0.000	0.000	0.000	0.000	0.000	35.600	33.848	0.012	0.425	0.987	28.880	0.627							
1-1791220908-lane.gpuclock-2641880	151.0	24.737	40.426	40.426	0.000	0.000	0.000	0.000	0.000	0.000	30.200	39.868	0.011	0.546	0.986	28.880	0.627							
1-1791220908-lane.gpuclock-2641880	153.0	24.690	40.502	40.502	0.000	0.000	0.000	0.000	0.000	0.000	36.100	39.913	0.018	0.571	0.986	28.880	0.627							
1-1791220908-lane.gpuclock-2641880	155.0	28.315	35.317	31.913	3.403	0.079	0.097	2.877	0.000	0.349	36.500	34.874	0.010	0.432	0.968	28.880	0.627							
1-1791220908-lane.gpuclock-2641880	157.0	38.870	25.727	18.631	7.096	0.190	0.568	5.589	0.035	0.713	0.100	24.600	0.524	0.603	0.969	28.880	0.627							
1-1791220908-lane.gpuclock-2641880	159.0	35.913	27.845	13.509	14.336	0.417	0.992	11.467	0.001	1.459	0.100	27.167	0.017	0.661	0.972	63.444	0.515							
1-1791220908-lane.gpuclock-2641880	161.0	35.746	27.975	14.831	13.144	0.341	1.042	10.401	0.013	1.347	0.100	27.024	0.109	0.842	0.968	63.444	0.515							
1-1791220908-lane.gpuclock-2641880	163.0	38.709	25.834	13.624	12.210	0.356	0.958	9.646	0.014	1.236	0.900	25.072	0.026	0.737	0.975	63.444	0.515							
1-1791220908-lane.gpuclock-2641880	165.0	43.216	23.140	11.802	11.337	0.336	1.068	8.814	0.012	1.107	0.100	22.544	0.024	0.572	0.971	63.444	0.515							
1-1791220908-lane.gpuclock-2641880	167.0	41.678	23.993	13.657	10.336	0.271	0.916	8.118	0.005	1.027	4.900	23.267	0.018	0.708	0.967	63.444	0.515							
1-1791220908-lane.gpuclock-2641880	169.0	43.142	23.179	13.283	9.896	0.260	1.012	7.610	0.005	1.009	0.100	22.438	0.103	0.637	0.956	70.795	0.780							
1-1791220908-lane.gpuclock-2641880	171.0	46.401	21.551	8.778	12.773	0.357	1.083	10.037	0.008	1.287	0.100	20.556	0.018	0.978	0.971	70.795	0.780							
1-1791220908-lane.gpuclock-2641880	173.0	44.677	22.383	10.630	11.753	0.328	0.960	9.272	0.003	1.189	0.100	21.738	0.016	0.628	0.962	70.795	0.780							
1-1791220908-lane.gpuclock-2641880	175.0	42.548	23.503	14.768	8.735	0.156	0.845	6.846	0.001	0.886	0.400	22.092	0.047	1.364	0.931	70.795	0.780							
1-1791220908-lane.gpuclock-2641880	177.0	40.972	24.407	15.555	8.852	0.124	0.899	6.913	0.003	0.914	0.300	22.856	0.031	1.520	0.933	70.795	0.780							
1-1791220908-lane.gpuclock-2641880	179.0	42.487	23.537	15.119	8.418	0.144	0.879	6.483	0.004	0.908	0.100	21.917	0.078	1.542	0.927	69.715	0.680							
1-1791220908-lane.gpuclock-2641880	181.0	40.366	24.773	11.185	13.588	0.396	0.952	10.834	0.008	1.399	0.100	23.161	0.027	1.586	0.960	69.715	0.680							
1-1791220908-lane.gpuclock-2641880	183.0	43.585	22.944	9.139	13.805	0.402	1.154	10.812	0.006	1.431	0.100	22.318	0.039	0.587	0.974	69.715	0.680							
1-1791220908-lane.gpuclock-2641880	185.0	45.939	21.768	12.737	9.031	0.219	0.826	7.038	0.006	0.941	0.100	20.964	0.049	0.755	0.945	69.715	0.680							
1-1791220908-lane.gpuclock-2641880	187.0	44.087	22.683	14.652	8.031	0.148	0.822	6.231	0.002	0.829	0.200	21.519	0.066	1.098	0.950	69.715	0.680							
1-1791220908-lane.gpuclock-2641880	189.0	41.491	24.102	15.150	8.952	0.142	0.841	6.999	0.004	0.966	0.200	22.494	0.046	1.561	0.929	69.392	0.674							
1-1791220908-lane.gpuclock-2641880	191.0	41.400	24.155	12.374	11.781	0.308	0.909	9.309	0.003	1.252	0.100	22.378	0.032	1.745	0.948	69.392	0.674							
1-1791220908-lane.gpuclock-2641880	193.0	39.833	25.105	10.658	14.447	0.428	1.010	11.499	0.006	1.504	0.200	24.431	0.042	0.632	0.971	69.392	0.674							
1-1791220908-lane.gpuclock-2641880	195.0	44.488	22.478	13.001	9.477	0.287	0.764	7.368	0.006	1.052	0.300	21.656	0.020	0.802	0.953	69.392	0.674							
1-1791220908-lane.gpuclock-2641880	197.0	46.498	21.506	14.626	6.880	0.127	0.598	5.388	0.003	0.765	0.100	20.445	0.037	1.024	0.956	69.392	0.674							
1-1791220908-lane.gpuclock-2641880	199.0	44.365	22.540	15.188	7.352	0.181	0.670	5.721	0.001	0.780	0.100	21.542	0.077	0.922	0.947	68.919	0.656							
1-1791220908-lane.gpuclock-2641880	201.0	39.880	25.075	14.274	10.801	0.271	1.008	8.363	0.004	1.155	0.100	23.451	0.050	1.574	0.938	68.919	0.656							
1-1791220908-lane.gpuclock-2641880	203.0	39.635	25.230	10.534	14.696	0.436	0.989	11.625	0.007	1.640	0.100	24.242	0.085	0.903	0.973	68.919	0.656							
1-1791220908-lane.gpuclock-2641880	205.0	41.282	24.224	11.475	12.748	0.340	0.943	10.093	0.002	1.370	0.100	23.611	0.018	0.596	0.965	68.919	0.656							
1-1791220908-lane.gpuclock-2641880	207.0	44.865	22.289	13.896	8.393	0.244	0.711	6.525	0.001	0.911	0.100	20.979	0.024	1.286	0.947	68.919	0.656							
1-1791220908-lane.gpuclock-2641880	209.0	45.562	21.948	14.725	7.223	0.196	0.553	5.667	0.003	0.804	0.100	21.058	0.023	0.868	0.955	66.976	0.684							
1-1791220908-lane.gpuclock-2641880	211.0	45.212	22.118	14.986	7.132	0.138	0.631	5.577	0.003	0.783	0.300	21.115	0.030	0.972	0.941	66.976	0.684							
1-1791220908-lane.gpuclock-2641880	213.0	35.625	28.070	12.024	16.047	0.453	1.067	12.715	0.006	1.806	0.300	26.521	0.061	1.489	0.968	66.976	0.684							
1-1791220908-lane.gpuclock-2641880	215.0	38.502	25.973	10.223	15.750	0.499	0.984	12.382	0.004	1.880	0.100	25.235	0.071	0.667	0.975	66.976	0.684							
1-1791220908-lane.gpuclock-2641880	217.0	41.046	24.363	12.717	11.646	0.282	0.941	9.108	0.006	1.308	0.100	23.555	0.025	0.783	0.953	66.976	0.684							
1-1791220908-lane.gpuclock-2641880	219.0	46.016	21.732	15.626	6.106	0.160	0.569	4.664	0.001	0.712	0.100	20.683	0.039	1.010	0.958	67.501	0.660							
1-1791220908-lane.gpuclock-2641880	221.0	46.629	21.446	14.428	7.018	0.182	0.648	5.391	0.002	0.796	0.300	20.580	0.045	0.821	0.953	67.501	0.660							
1-1791220908-lane.gpuclock-2641880	223.0	42.981	23.266	15.178	8.088	0.248	0.648	6.265	0.003	0.924	0.100	22.044	0.029	1.194	0.943	67.501	0.660							
1-1791220908-lane.gpuclock-2641880	225.0	35.458	28.203	11.320	16.883	0.496	0.983	13.441	0.005	1.956	0.100	26.994	0.025	1.184	0.968	67.501	0.660							
1-1791220908-lane.gpuclock-2641880	227.0	38.498	25.976	12.624	13.352	0.363	0.916	10.479	0.004	1.590	0.100	25.058	0.095	0.823	0.953	67.501	0.660							
1-1791220908-lane.gpuclock-2641880	229.0	41.792	23.928	14.479	9.449	0.169	0.899	7.337	0.003	1.041	0.200	22.318	0.062	1.548	0.937	66.846	0.632							
1-1791220908-lane.gpuclock-2641880	231.0	45.445	22.004	14.837	7.168	0.146	0.629	5.567	0.005	0.821	0.200	20.853	0.108	1.043	0.952	66.846	0.632							
1-1791220908-lane.gpuclock-2641880	233.0	45.806	21.831	15.017	6.814	0.162	0.537	5.316	0.001	0.798	0.100	20.712	0.024	1.095	0.944	66.846	0.632							
1-1791220908-lane.gpuclock-2641880	235.0	39.674	25.205	10.286	14.919	0.485	1.066	11.648	0.006	1.714	0.100	24.001	0.026	1.179	0.968	66.846	0.632							
1-1791220908-lane.gpuclock-2641880	237.0	34.761	28.767	10.980	17.787	0.482	0.978	14.239	0.003	2.085	0.100	28.138	0.023	0.607	0.979	66.846	0.632							
1-1791220908-lane.gpuclock-2641880	239.0	39.183	25.522	13.743	11.779	0.219	1.032	9.131	0.002	1.395	0.100	24.485	0.023	1.014	0.947	68.166	0.684							
1-1791220908-lane.gpuclock-2641880	241.0	42.219	23.686	15.635	8.051	0.122	0.753	6.219	0.000	0.958	0.200	22.348	0.088	1.250	0.935	68.166	0.684							
1-1791220908-lane.gpuclock-2641880	243.0	44.508	22.468	14.512	7.956	0.257	0.787	5.981	0.003	0.928	0.100	21.142	0.028	1.299	0.944	68.166	0.684							
1-1791220908-lane.gpuclock-2641880	245.0	44.135	22.658	13.138	9.520	0.243	0.750	7.419	0.003	1.105	0.100	21.328	0.084	1.246	0.940	68.166	0.684							
1-1791220908-lane.gpuclock-2641880	247.0	40.113	24.930	9.523	15.407	0.475	1.120	11.953	0.007	1.852	0.100	23.752	0.075	1.103	0.965	68.166	0.684							
1-1791220908-lane.gpuclock-2641880	249.0	35.627	28.069	13.110	14.959	0.359	1.066	11.795	0.003	1.735	0.100	27.306	0.015	0.747	0.965	69.289	0.718							
1-1791220908-lane.gpuclock-2641880	251.0	40.838	24.487	14.946	9.541	0.198	0.884	7.351	0.001	1.107	0.700	23.185	0.049	1.253	0.939	69.289	0.718							
1-1791220908-lane.gpuclock-2641880	253.0	41.972	23.825	15.893	7.933	0.082	0.757	6.157	0.000	0.936	0.100	22.411	0.055	1.359	0.939	69.289	0.718							
1-1791220908-lane.gpuclock-2641880	255.0	45.021	22.212	14.733	7.479	0.178	0.595	5.822	0.003	0.881	0.100	20.741	0.029	1.442	0.945	69.289	0.718							
1-1791220908-lane.gpuclock-2641880	257.0	44.821	22.311	9.896	12.415	0.332	0.964	9.619	0.006	1.494	0.100	21.300	0.021	0.990	0.967	69.289	0.718							
1-1791220908-lane.gpuclock-2641880	259.1	42.144	23.728	9.507	14.221	0.425	1.018	11.072	0.008	1.698	0.100	23.181	0.020	0.528	0.967	69.800	0.756							
1-1791220908-lane.gpuclock-2641880	261.1	39.298	25.446	13.439	12.007	0.309	0.906	9.370	0.005	1.418	0.100	24.249	0.074	1.123	0.952	69.800	0.756							
1-1791220908-lane.gpuclock-2641880	263.1	41.019	24.379	15.445	8.934	0.139	0.956	6.776	0.004	1.059	0.600	23.193	0.066	1.120	0.945	69.800	0.756							
1-1791220908-lane.gpuclock-2641880	265.1	41.598	24.040	15.315	8.725	0.129	0.723	6.842	0.001	1.030	0.400	22.551	0.099	1.390	0.937	69.800	0.756							
1-1791220908-lane.gpuclock-2641880	267.1	43.245	23.124	12.961	10.163	0.221	0.885	7.847	0.002	1.208	0.200	21.567	0.064	1.494	0.943	69.800	0.756							
1-1791220908-lane.gpuclock-2641880	269.1	44.543	22.450	9.176	13.275	0.402	1.020	10.293	0.005	1.555	0.100	21.669	0.016	0.766	0.970									
1-1791220908-lane.gpuclock-2641880	271.1	43.859	22.801	12.325	10.475	0.321	0.855	8.022	0.003	1.274	0.100	21.966	0.020	0.815	0.956									
1-1791220908-lane.gpuclock-2641880	273.1	40.869	24.468	15.478	8.991	0.170	0.869	6.861	0.004	1.087	0.200	23.203	0.087	1.177	0.937									
