run	t	fps	F	gms	grn	mhz	busy	floor	ceil	ns
1-1791220912-lane.gpuclock-2642033	11.6	28.65	34.90	17.11	11.47	401	52	401.0	680.0	21
1-1791220912-lane.gpuclock-2642033	13.5	32.28	30.98	15.57	10.3	401	45	401.0	680.0	18
1-1791220912-lane.gpuclock-2642033	15.4	30.41	32.88	19.05	12.17	401	49	401.0	680.0	20
1-1791220912-lane.gpuclock-2642033	17.4	30.17	33.15	19.58	12.75	401	50	401.0	680.0	20
1-1791220912-lane.gpuclock-2642033	18.8	43.10	23.20	9.47	8.13	401	46	401.0	680.0	14
1-1791220912-lane.gpuclock-2642033	20.0	50.25	19.90	6.71	5.98	401	38	401.0	680.0	11
1-1791220912-lane.gpuclock-2642033	21.2	51.06	19.58	7.06	6.01	401	34	401.0	680.0	12
1-1791220912-lane.gpuclock-2642033	22.6	43.54	22.97	9.12	7.91	401	35	401.0	680.0	14
1-1791220912-lane.gpuclock-2642033	24.3	35.29	28.33	11.75	10.92	401	39	401.0	680.0	17
1-1791220912-lane.gpuclock-2642033	26.0	33.67	29.70	14.32	12.78	401	40	401.0	680.0	18
1-1791220912-lane.gpuclock-2642033	27.9	31.63	31.62	19.18	11.39	401	48	401.0	680.0	19
1-1791220912-lane.gpuclock-2642033	29.5	37.83	26.43	15.16	9.65	401	51	401.0	680.0	16
1-1791220912-lane.gpuclock-2642033	30.9	42.52	23.52	11.8	8.02	401	50	401.0	680.0	14
1-1791220912-lane.gpuclock-2642033	32.1	49.42	20.23	6.51	5.79	401	40	401.0	680.0	12
1-1791220912-lane.gpuclock-2642033	33.5	43.96	22.75	9.5	8.78	401	35	401.0	680.0	13
1-1791220912-lane.gpuclock-2642033	35.3	33.90	29.50	14.19	13.28	401	42	401.0	680.0	18
1-1791220912-lane.gpuclock-2642033	37.5	26.62	37.57	11.25	10.38	401	34	401.0	680.0	23
1-1791220912-lane.gpuclock-2642033	39.5	30.23	33.08	14.05	13.12	401	33	401.0	680.0	19
1-1791220912-lane.gpuclock-2642033	41.4	32.38	30.88	14.96	14.01	401	43	401.0	680.0	19
1-1791220912-lane.gpuclock-2642033	43.6	27.47	36.40	14.45	11.93	401	43	401.0	680.0	22
1-1791220912-lane.gpuclock-2642033	45.5	30.36	32.93	17.06	14.04	401	46	401.0	680.0	19
1-1791220912-lane.gpuclock-2642033	46.7	50.21	19.92	5.91	5.22	401	42	401.0	680.0	12
1-1791220912-lane.gpuclock-2642033	47.9	49.22	20.32	6.49	5.79	401	34	401.0	680.0	13
1-1791220912-lane.gpuclock-2642033	49.3	44.91	22.27	9.87	9.15	401	36	401.0	680.0	13
1-1791220912-lane.gpuclock-2642033	51.2	31.10	32.15	14.87	11.7	401	40	401.0	680.0	19
1-1791220912-lane.gpuclock-2642033	53.2	30.38	32.92	18.64	11.8	401	46	401.0	680.0	20
1-1791220912-lane.gpuclock-2642033	55.3	28.49	35.10	19.64	12.77	401	48	401.0	680.0	21
1-1791220912-lane.gpuclock-2642033	57.5	27.04	36.98	18.08	11.98	401	50	401.0	680.0	22
1-1791220912-lane.gpuclock-2642033	59.8	25.91	38.60	23.8	14.15	401	46	401.0	680.0	23
1-1791220912-lane.gpuclock-2642033	62.1	26.79	37.33	18.48	10.65	401	52	401.0	680.0	23
1-1791220912-lane.gpuclock-2642033	64.3	27.38	36.52	14.34	8.72	401	37	401.0	680.0	21
1-1791220912-lane.gpuclock-2642033	66.0	34.29	29.17	11.56	10.05	401	36	401.0	680.0	18
1-1791220912-lane.gpuclock-2642033	67.4	44.44	22.50	10.8	8.83	401	41	401.0	680.0	13
1-1791220912-lane.gpuclock-2642033	68.9	38.63	25.88	14.36	8.75	401	45	401.0	680.0	16
1-1791220912-lane.gpuclock-2642033	70.5	38.78	25.78	15.08	9.07	401	49	401.0	680.0	15
1-1791220912-lane.gpuclock-2642033	72.3	33.02	30.28	17.06	10.78	401	49	401.0	680.0	19
1-1791220912-lane.gpuclock-2642033	74.3	29.96	33.38	21.77	12.73	401	53	401.0	680.0	20
1-1791220912-lane.gpuclock-2642033	76.4	27.88	35.87	22.07	12.16	401	54	401.0	680.0	21
1-1791220912-lane.gpuclock-2642033	78.5	29.47	33.93	9.31	5.28	401	49	401.0	680.0	20
1-1791220912-lane.gpuclock-2642033	80.5	29.23	34.22	0.65	0.23	401	6	401.0	680.0	21
1-1791220912-lane.gpuclock-2642033	82.5	29.70	33.67	0.65	0.23	401	5	401.0	680.0	20
1-1791220912-lane.gpuclock-2642033	84.5	29.88	33.47	0.65	0.23	401	5	401.0	680.0	20
1-1791220912-lane.gpuclock-2642033	86.6	28.76	34.77	0.65	0.23	401	5	401.0	680.0	21
1-1791220912-lane.gpuclock-2642033	88.7	29.21	34.23	0.64	0.23	401	5	401.0	680.0	20
1-1791220912-lane.gpuclock-2642033	90.7	29.87	33.48	0.64	0.23	401	5	401.0	680.0	21
1-1791220912-lane.gpuclock-2642033	92.7	30.14	33.18	0.64	0.23	401	5	401.0	680.0	19
1-1791220912-lane.gpuclock-2642033	94.7	29.21	34.23	0.63	0.23	401	5	401.0	680.0	21
1-1791220912-lane.gpuclock-2642033	96.8	28.99	34.50	0.64	0.23	401	5	401.0	680.0	21
1-1791220912-lane.gpuclock-2642033	98.8	29.66	33.72	0.65	0.23	401	5	401.0	680.0	20
1-1791220912-lane.gpuclock-2642033	100.9	28.93	34.57	0.63	0.23	401	5	401.0	680.0	21
1-1791220912-lane.gpuclock-2642033	103.0	29.27	34.17	0.64	0.23	401	5	401.0	680.0	20
1-1791220912-lane.gpuclock-2642033	105.1	28.57	35.00	0.63	0.23	401	5	401.0	680.0	21
1-1791220912-lane.gpuclock-2642033	107.2	28.52	35.07	0.65	0.23	401	5	401.0	680.0	21
1-1791220912-lane.gpuclock-2642033	109.2	29.24	34.20	0.64	0.23	401	5	401.0	680.0	20
1-1791220912-lane.gpuclock-2642033	111.3	29.23	34.22	0.64	0.23	401	5	401.0	680.0	21
1-1791220912-lane.gpuclock-2642033	113.3	30.14	33.18	0.64	0.23	401	5	401.0	680.0	20
1-1791220912-lane.gpuclock-2642033	115.3	29.84	33.52	0.63	0.23	401	5	401.0	680.0	20
1-1791220912-lane.gpuclock-2642033	117.4	28.83	34.68	0.65	0.23	401	5	401.0	680.0	21
1-1791220912-lane.gpuclock-2642033	119.5	28.37	35.25	0.65	0.23	401	4	401.0	680.0	21
1-1791220912-lane.gpuclock-2642033	121.5	29.73	33.63	0.64	0.23	401	5	401.0	680.0	20
1-1791220912-lane.gpuclock-2642033	123.5	29.66	33.72	0.64	0.23	401	5	401.0	680.0	20
1-1791220912-lane.gpuclock-2642033	125.6	28.93	34.57	0.64	0.23	401	5	401.0	680.0	21
1-1791220912-lane.gpuclock-2642033	127.6	30.18	33.13	0.65	0.23	401	5	401.0	680.0	20
1-1791220912-lane.gpuclock-2642033	129.6	29.47	33.93	0.62	0.23	401	5	401.0	680.0	20
1-1791220912-lane.gpuclock-2642033	131.6	29.70	33.67	0.63	0.23	401	5	401.0	680.0	20
1-1791220912-lane.gpuclock-2642033	133.6	29.85	33.50	0.63	0.23	401	5	401.0	680.0	20
1-1791220912-lane.gpuclock-2642033	135.6	30.15	33.17	0.64	0.23	401	5	401.0	680.0	20
1-1791220912-lane.gpuclock-2642033	137.7	29.15	34.30	0.65	0.23	401	5	401.0	680.0	21
1-1791220912-lane.gpuclock-2642033	139.7	29.88	33.47	0.64	0.23	401	5	401.0	680.0	20
1-1791220912-lane.gpuclock-2642033	141.8	28.36	35.27	1.82	1.09	401	5	401.0	680.0	21
1-1791220912-lane.gpuclock-2642033	143.4	36.56	27.35	12.35	10.42	401	21	401.0	680.0	16
1-1791220912-lane.gpuclock-2642033	145.3	31.65	31.60	17.86	12.42	401	42	401.0	680.0	19
1-1791220912-lane.gpuclock-2642033	147.5	28.16	35.52	20.29	13.44	401	51	401.0	680.0	22
1-1791220912-lane.gpuclock-2642033	149.6	28.64	34.92	19.59	12.91	401	49	401.0	680.0	21
1-1791220912-lane.gpuclock-2642033	151.3	35.67	28.03	11.99	10.67	401	46	401.0	680.0	16
1-1791220912-lane.gpuclock-2642033	152.9	37.27	26.83	11.34	10.44	401	39	401.0	680.0	16
1-1791220912-lane.gpuclock-2642033	154.6	33.99	29.42	13.03	12.02	401	39	401.0	680.0	18
1-1791220912-lane.gpuclock-2642033	156.2	38.12	26.23	10.25	9.33	401	40	401.0	680.0	16
1-1791220912-lane.gpuclock-2642033	157.7	39.74	25.17	10.74	9.92	401	41	401.0	680.0	15
1-1791220912-lane.gpuclock-2642033	159.3	37.74	26.50	12.21	9.79	401	40	401.0	680.0	16
1-1791220912-lane.gpuclock-2642033	160.9	36.47	27.42	12.27	9.45	401	44	401.0	680.0	16
1-1791220912-lane.gpuclock-2642033	162.8	31.86	31.38	13.41	11.28	401	44	401.0	680.0	19
1-1791220912-lane.gpuclock-2642033	164.5	36.56	27.35	9.29	8.38	401	45	401.0	680.0	16
1-1791220912-lane.gpuclock-2642033	166.1	36.47	27.42	10.17	9.3	401	43	401.0	680.0	17
1-1791220912-lane.gpuclock-2642033	167.8	36.43	27.45	10.49	9.59	401	43	401.0	680.0	16
1-1791220912-lane.gpuclock-2642033	169.4	36.99	27.03	12.47	10.23	401	42	401.0	680.0	16
1-1791220912-lane.gpuclock-2642033	171.0	38.24	26.15	11.85	10.16	401	41	401.0	680.0	16
1-1791220912-lane.gpuclock-2642033	172.6	36.41	27.47	12.22	8.97	401	43	401.0	680.0	17
1-1791220912-lane.gpuclock-2642033	174.4	32.68	30.60	13.81	11.11	401	45	401.0	680.0	18
1-1791220912-lane.gpuclock-2642033	176.2	35.03	28.55	10.28	9.38	401	46	401.0	680.0	17
1-1791220912-lane.gpuclock-2642033	177.8	35.76	27.97	10.08	9.18	401	43	401.0	680.0	17
1-1791220912-lane.gpuclock-2642033	179.5	35.29	28.33	10.69	9.78	401	43	401.0	680.0	17
1-1791220912-lane.gpuclock-2642033	181.2	36.21	27.62	12.57	9.95	401	42	401.0	680.0	16
1-1791220912-lane.gpuclock-2642033	182.7	38.71	25.83	10.76	9.98	401	42	401.0	680.0	16
1-1791220912-lane.gpuclock-2642033	184.5	34.36	29.10	13.49	9.68	401	41	401.0	680.0	17
1-1791220912-lane.gpuclock-2642033	186.3	32.38	30.88	14.22	10.67	401	44	401.0	680.0	19
1-1791220912-lane.gpuclock-2642033	188.1	34.50	28.98	10.08	9.09	401	47	401.0	680.0	17
1-1791220912-lane.gpuclock-2642033	189.7	36.10	27.70	9.72	8.87	401	43	401.0	680.0	17
1-1791220912-lane.gpuclock-2642033	191.4	35.71	28.00	10.36	9.44	401	43	401.0	680.0	16
1-1791220912-lane.gpuclock-2642033	193.1	36.17	27.65	12.35	10.0	401	43	401.0	680.0	17
1-1791220912-lane.gpuclock-2642033	194.6	39.58	25.27	10.7	9.83	401	42	401.0	680.0	15
1-1791220912-lane.gpuclock-2642033	196.2	37.93	26.37	12.22	9.75	401	39	401.0	680.0	16
1-1791220912-lane.gpuclock-2642033	197.8	36.19	27.63	12.42	9.55	401	43	401.0	680.0	17
1-1791220912-lane.gpuclock-2642033	199.7	32.72	30.57	11.66	9.97	401	46	401.0	680.0	18
1-1791220912-lane.gpuclock-2642033	201.3	36.32	27.53	9.82	8.88	401	44	401.0	680.0	16
1-1791220912-lane.gpuclock-2642033	203.0	35.25	28.37	10.75	9.8	401	44	401.0	680.0	17
1-1791220912-lane.gpuclock-2642033	204.7	34.88	28.67	12.26	10.39	401	43	401.0	680.0	17
1-1791220912-lane.gpuclock-2642033	206.3	38.10	26.25	11.71	10.03	401	43	401.0	680.0	16
1-1791220912-lane.gpuclock-2642033	207.9	38.86	25.73	11.41	9.81	401	39	401.0	680.0	16
1-1791220912-lane.gpuclock-2642033	209.5	36.61	27.32	12.27	9.27	401	42	401.0	680.0	16
1-1791220912-lane.gpuclock-2642033	211.3	32.54	30.73	12.3	10.51	401	44	401.0	680.0	18
1-1791220912-lane.gpuclock-2642033	213.0	35.17	28.43	10.29	9.21	401	44	401.0	680.0	17
1-1791220912-lane.gpuclock-2642033	214.7	35.48	28.18	10.19	9.32	401	43	401.0	680.0	17
1-1791220912-lane.gpuclock-2642033	216.5	34.29	29.17	11.6	10.65	401	42	401.0	680.0	18
1-1791220912-lane.gpuclock-2642033	218.2	35.63	28.07	13.44	10.31	401	43	401.0	680.0	17
1-1791220912-lane.gpuclock-2642033	219.7	38.29	26.12	11.24	9.94	401	41	401.0	680.0	15
1-1791220912-lane.gpuclock-2642033	221.4	36.61	27.32	12.09	9.07	401	42	401.0	680.0	17
1-1791220912-lane.gpuclock-2642033	223.2	33.78	29.60	12.16	10.23	401	43	401.0	680.0	17
1-1791220912-lane.gpuclock-2642033	224.9	33.75	29.63	11.15	9.93	401	45	401.0	680.0	18
1-1791220912-lane.gpuclock-2642033	226.6	35.52	28.15	9.8	8.88	401	43	401.0	680.0	17
1-1791220912-lane.gpuclock-2642033	228.3	34.99	28.58	10.54	9.6	401	42	401.0	680.0	17
1-1791220912-lane.gpuclock-2642033	230.0	35.03	28.55	13.41	10.36	401	43	401.0	680.0	17
1-1791220912-lane.gpuclock-2642033	231.6	38.81	25.77	10.84	10.04	401	42	401.0	680.0	16
1-1791220912-lane.gpuclock-2642033	233.3	35.69	28.02	13.07	9.52	401	40	401.0	680.0	16
1-1791220912-lane.gpuclock-2642033	235.1	33.82	29.57	13.12	10.35	401	44	401.0	680.0	18
1-1791220912-lane.gpuclock-2642033	236.8	34.23	29.22	10.46	9.57	401	45	401.0	680.0	18
1-1791220912-lane.gpuclock-2642033	238.5	35.91	27.85	9.86	8.96	401	44	401.0	680.0	16
1-1791220912-lane.gpuclock-2642033	240.2	35.80	27.93	10.37	9.51	401	43	401.0	680.0	17
1-1791220912-lane.gpuclock-2642033	241.9	34.58	28.92	13.46	10.5	401	43	401.0	680.0	17
1-1791220912-lane.gpuclock-2642033	243.4	39.37	25.40	10.64	9.87	401	42	401.0	680.0	16
1-1791220912-lane.gpuclock-2642033	245.0	38.02	26.30	11.67	9.67	401	38	401.0	680.0	15
1-1791220912-lane.gpuclock-2642033	246.6	36.63	27.30	12.08	9.22	401	42	401.0	680.0	17
1-1791220912-lane.gpuclock-2642033	248.5	32.77	30.52	11.28	10.17	401	44	401.0	680.0	18
1-1791220912-lane.gpuclock-2642033	250.1	36.23	27.60	10.05	9.09	401	44	401.0	680.0	17
1-1791220912-lane.gpuclock-2642033	251.8	35.65	28.05	10.34	9.46	401	44	401.0	680.0	16
1-1791220912-lane.gpuclock-2642033	253.5	35.01	28.57	11.59	10.08	401	43	401.0	680.0	18
1-1791220912-lane.gpuclock-2642033	255.1	37.01	27.02	12.39	10.13	401	42	401.0	680.0	16
1-1791220912-lane.gpuclock-2642033	256.6	39.63	25.23	10.75	9.73	401	39	401.0	680.0	15
1-1791220912-lane.gpuclock-2642033	258.3	36.86	27.13	11.72	9.23	401	41	401.0	680.0	16
1-1791220912-lane.gpuclock-2642033	260.1	33.11	30.20	11.97	9.88	401	43	401.0	680.0	18
1-1791220912-lane.gpuclock-2642033	261.8	34.80	28.73	10.46	9.55	401	44	401.0	680.0	17
1-1791220912-lane.gpuclock-2642033	263.5	35.40	28.25	10.19	9.3	401	42	401.0	680.0	17
1-1791220912-lane.gpuclock-2642033	265.2	34.68	28.83	11.46	10.52	401	42	401.0	680.0	18
1-1791220912-lane.gpuclock-2642033	267.0	34.44	29.03	14.39	10.51	401	43	401.0	680.0	17
1-1791220912-lane.gpuclock-2642033	268.5	38.39	26.05	11.02	10.15	401	41	401.0	680.0	16
1-1791220912-lane.gpuclock-2642033	270.2	36.30	27.55	11.97	9.01	401	41	401.0	680.0	16
1-1791220912-lane.gpuclock-2642033	272.0	33.31	30.02	12.75	10.3	401	43	401.0	680.0	18
1-1791220912-lane.gpuclock-2642033	273.8	33.33	30.00	11.29	10.26	401	44	401.0	680.0	18
1-1791220912-lane.gpuclock-2642033	275.5	35.36	28.28	9.82	8.88	401	42	401.0	680.0	17
1-1791220912-lane.gpuclock-2642033	277.2	35.11	28.48	10.84	9.93	401	43	401.0	680.0	17
1-1791220912-lane.gpuclock-2642033	279.0	33.75	29.63	14.25	10.65	401	43	401.0	680.0	18
1-1791220912-lane.gpuclock-2642033	280.5	38.56	25.93	10.87	10.04	401	43	401.0	680.0	15
1-1791220912-lane.gpuclock-2642033	282.2	35.65	28.05	12.53	9.39	401	40	401.0	680.0	17
1-1791220908-lane.gpuclock-2641880	11.5	33.94	29.47	14.81	9.55	615	41	615.0	680.0	18
1-1791220908-lane.gpuclock-2641880	13.2	35.44	28.22	14.86	9.41	615	44	615.0	680.0	17
1-1791220908-lane.gpuclock-2641880	14.9	36.04	27.75	8.96	6.31	615	45	615.0	680.0	17
1-1791220908-lane.gpuclock-2641880	16.4	39.50	25.32	5.55	4.86	615	35	615.0	680.0	15
1-1791220908-lane.gpuclock-2641880	18.0	38.44	26.02	12.38	8.06	615	35	615.0	680.0	15
1-1791220908-lane.gpuclock-2641880	19.6	35.63	28.07	9.41	6.94	615	39	615.0	680.0	17
1-1791220908-lane.gpuclock-2641880	21.1	42.34	23.62	10.5	7.25	615	38	615.0	680.0	14
1-1791220908-lane.gpuclock-2641880	22.3	49.75	20.10	5.05	4.43	615	38	615.0	680.0	12
1-1791220908-lane.gpuclock-2641880	23.5	49.92	20.03	4.29	3.56	615	26	615.0	680.0	12
1-1791220908-lane.gpuclock-2641880	24.7	48.19	20.75	6.65	6.04	615	26	615.0	680.0	13
1-1791220908-lane.gpuclock-2641880	26.0	46.19	21.65	7.77	7.16	615	31	615.0	680.0	13
1-1791220908-lane.gpuclock-2641880	27.4	42.22	23.68	9.03	7.37	615	34	615.0	680.0	14
1-1791220908-lane.gpuclock-2641880	29.2	33.71	29.67	14.58	8.12	615	40	615.0	680.0	18
1-1791220908-lane.gpuclock-2641880	30.5	48.23	20.73	7.46	6.88	615	44	615.0	680.0	12
1-1791220908-lane.gpuclock-2641880	31.7	48.74	20.52	7.78	7.15	615	34	615.0	680.0	13
1-1791220908-lane.gpuclock-2641880	32.9	49.55	20.18	7.14	5.64	615	35	615.0	680.0	12
1-1791220908-lane.gpuclock-2641880	34.1	49.34	20.27	4.61	4.03	615	33	615.0	680.0	12
1-1791220908-lane.gpuclock-2641880	35.4	45.77	21.85	5.61	5.03	615	26	615.0	680.0	13
1-1791220908-lane.gpuclock-2641880	37.0	38.07	26.27	10.69	10.01	615	31	615.0	680.0	16
1-1791220908-lane.gpuclock-2641880	38.8	33.78	29.60	9.2	8.52	615	35	615.0	680.0	17
1-1791220908-lane.gpuclock-2641880	41.0	27.06	36.95	8.12	7.39	615	24	615.0	680.0	22
1-1791220908-lane.gpuclock-2641880	42.5	39.19	25.52	10.31	9.63	615	27	615.0	680.0	16
1-1791220908-lane.gpuclock-2641880	44.0	39.37	25.40	10.19	9.51	615	36	615.0	680.0	15
1-1791220908-lane.gpuclock-2641880	45.9	32.28	30.98	12.45	9.13	615	37	615.0	680.0	19
1-1791220908-lane.gpuclock-2641880	47.7	33.82	29.57	12.92	9.99	615	40	615.0	680.0	17
1-1791220908-lane.gpuclock-2641880	49.0	46.80	21.37	5.74	5.16	615	37	615.0	680.0	13
1-1791220908-lane.gpuclock-2641880	50.2	49.55	20.18	4.18	3.64	615	26	615.0	680.0	12
1-1791220908-lane.gpuclock-2641880	51.4	48.90	20.45	5.36	4.83	615	24	615.0	680.0	12
1-1791220908-lane.gpuclock-2641880	52.8	43.92	22.77	8.07	7.46	615	30	615.0	680.0	14
1-1791220908-lane.gpuclock-2641880	55.1	25.63	39.02	12.18	7.54	615	30	615.0	680.0	24
1-1791220908-lane.gpuclock-2641880	57.3	27.04	36.98	13.55	7.99	615	32	615.0	680.0	22
1-1791220908-lane.gpuclock-2641880	59.5	27.38	36.52	13.28	8.18	615	36	615.0	680.0	22
1-1791220908-lane.gpuclock-2641880	61.8	26.27	38.07	14.88	8.89	615	31	615.0	680.0	22
1-1791220908-lane.gpuclock-2641880	64.0	26.75	37.38	12.38	7.15	615	35	615.0	680.0	23
1-1791220908-lane.gpuclock-2641880	66.2	27.38	36.52	9.54	5.74	615	26	615.0	680.0	22
1-1791220908-lane.gpuclock-2641880	67.9	35.34	28.30	7.71	6.25	615	25	615.0	680.0	17
1-1791220908-lane.gpuclock-2641880	69.2	49.18	20.33	6.44	5.7	615	30	615.0	680.0	12
1-1791220908-lane.gpuclock-2641880	70.4	49.92	20.03	6.1	4.07	615	33	615.0	680.0	12
1-1791220908-lane.gpuclock-2641880	71.6	49.26	20.30	6.09	3.33	615	34	615.0	680.0	12
1-1791220908-lane.gpuclock-2641880	72.8	47.28	21.15	6.53	5.26	615	32	615.0	680.0	13
1-1791220908-lane.gpuclock-2641880	74.6	33.46	29.88	10.39	7.26	615	32	615.0	680.0	18
1-1791220908-lane.gpuclock-2641880	76.9	26.86	37.23	13.91	7.74	615	33	615.0	680.0	22
1-1791220908-lane.gpuclock-2641880	78.7	33.13	30.18	14.67	7.96	615	36	615.0	680.0	18
1-1791220908-lane.gpuclock-2641880	80.5	32.56	30.72	10.35	5.91	615	46	615.0	680.0	18
1-1791220908-lane.gpuclock-2641880	82.5	30.08	33.25	0.47	0.16	615	11	615.0	680.0	20
1-1791220908-lane.gpuclock-2641880	84.9	25.71	38.90	0.48	0.16	615	3	615.0	680.0	24
1-1791220908-lane.gpuclock-2641880	87.5	22.58	44.28	0.47	0.16	615	3	615.0	680.0	26
1-1791220908-lane.gpuclock-2641880	90.1	22.88	43.70	0.47	0.16	615	3	615.0	680.0	26
1-1791220908-lane.gpuclock-2641880	92.7	23.69	42.22	0.47	0.16	615	3	615.0	680.0	26
1-1791220908-lane.gpuclock-2641880	95.2	23.45	42.65	0.47	0.16	615	3	615.0	680.0	25
1-1791220908-lane.gpuclock-2641880	97.9	22.41	44.62	0.47	0.16	615	3	615.0	680.0	27
1-1791220908-lane.gpuclock-2641880	100.2	25.85	38.68	0.47	0.16	615	3	615.0	680.0	23
1-1791220908-lane.gpuclock-2641880	102.4	27.80	35.97	0.48	0.16	615	3	615.0	680.0	22
1-1791220908-lane.gpuclock-2641880	104.7	25.47	39.27	0.47	0.16	615	3	615.0	680.0	23
1-1791220908-lane.gpuclock-2641880	107.3	23.72	42.15	0.47	0.16	615	3	615.0	680.0	26
1-1791220908-lane.gpuclock-2641880	109.5	26.76	37.37	0.48	0.16	615	3	615.0	680.0	22
1-1791220908-lane.gpuclock-2641880	111.6	28.34	35.28	0.48	0.16	615	3	615.0	680.0	21
1-1791220908-lane.gpuclock-2641880	113.7	28.63	34.93	0.48	0.16	615	3	615.0	680.0	21
1-1791220908-lane.gpuclock-2641880	115.8	29.33	34.10	0.48	0.16	615	3	615.0	680.0	21
1-1791220908-lane.gpuclock-2641880	117.9	28.60	34.97	0.47	0.16	615	3	615.0	680.0	21
1-1791220908-lane.gpuclock-2641880	120.1	26.37	37.92	0.47	0.16	615	3	615.0	680.0	22
1-1791220908-lane.gpuclock-2641880	122.6	24.04	41.60	0.47	0.16	615	3	615.0	680.0	25
1-1791220908-lane.gpuclock-2641880	125.3	22.59	44.27	0.47	0.16	615	3	615.0	680.0	27
1-1791220908-lane.gpuclock-2641880	127.7	25.32	39.50	0.47	0.16	615	3	615.0	680.0	23
1-1791220908-lane.gpuclock-2641880	130.4	22.19	45.07	0.47	0.16	615	3	615.0	680.0	27
1-1791220908-lane.gpuclock-2641880	133.0	22.59	44.27	0.47	0.16	615	3	615.0	680.0	27
1-1791220908-lane.gpuclock-2641880	135.6	23.16	43.18	0.48	0.16	615	3	615.0	680.0	26
1-1791220908-lane.gpuclock-2641880	138.3	22.32	44.80	0.47	0.16	615	3	615.0	680.0	27
1-1791220908-lane.gpuclock-2641880	140.6	25.99	38.48	0.47	0.16	615	3	615.0	680.0	23
1-1791220908-lane.gpuclock-2641880	142.6	29.78	33.58	0.48	0.16	615	3	615.0	680.0	20
1-1791220908-lane.gpuclock-2641880	144.8	27.37	36.53	0.48	0.16	615	3	615.0	680.0	22
1-1791220908-lane.gpuclock-2641880	147.1	26.80	37.32	0.48	0.16	615	3	615.0	680.0	22
1-1791220908-lane.gpuclock-2641880	149.1	29.30	34.13	0.47	0.16	615	3	615.0	680.0	21
1-1791220908-lane.gpuclock-2641880	151.6	24.38	41.02	0.47	0.16	615	3	615.0	680.0	24
1-1791220908-lane.gpuclock-2641880	154.0	24.82	40.28	0.47	0.16	615	3	615.0	680.0	24
1-1791220908-lane.gpuclock-2641880	155.9	31.95	31.30	7.32	5.85	615	4	615.0	680.0	19
1-1791220908-lane.gpuclock-2641880	157.2	44.51	22.47	8.79	7.07	615	34	615.0	680.0	14
1-1791220908-lane.gpuclock-2641880	158.9	34.74	28.78	14.7	9.29	615	40	615.0	680.0	17
1-1791220908-lane.gpuclock-2641880	160.6	35.48	28.18	13.12	8.81	615	43	615.0	680.0	17
1-1791220908-lane.gpuclock-2641880	162.2	37.01	27.02	11.68	8.49	615	41	615.0	680.0	16
1-1791220908-lane.gpuclock-2641880	163.7	41.70	23.98	9.25	7.48	615	39	615.0	680.0	14
1-1791220908-lane.gpuclock-2641880	165.0	44.05	22.70	7.92	7.24	615	33	615.0	680.0	14
1-1791220908-lane.gpuclock-2641880	166.5	42.28	23.65	8.07	7.36	615	32	615.0	680.0	14
1-1791220908-lane.gpuclock-2641880	168.0	39.66	25.22	9.12	8.43	615	31	615.0	680.0	15
1-1791220908-lane.gpuclock-2641880	169.3	46.62	21.45	7.02	6.23	615	34	615.0	680.0	13
1-1791220908-lane.gpuclock-2641880	170.6	46.77	21.38	7.48	6.82	615	34	615.0	680.0	13
1-1791220908-lane.gpuclock-2641880	171.9	45.25	22.10	8.24	6.9	615	33	615.0	680.0	13
1-1791220908-lane.gpuclock-2641880	173.2	44.22	22.62	7.82	6.15	615	35	615.0	680.0	14
1-1791220908-lane.gpuclock-2641880	174.6	42.92	23.30	6.91	6.2	615	35	615.0	680.0	14
1-1791220908-lane.gpuclock-2641880	176.1	39.89	25.07	7.37	6.69	615	36	615.0	680.0	15
1-1791220908-lane.gpuclock-2641880	177.5	42.43	23.57	6.62	5.99	615	36	615.0	680.0	14
1-1791220908-lane.gpuclock-2641880	179.0	42.55	23.50	7.18	6.52	615	36	615.0	680.0	14
1-1791220908-lane.gpuclock-2641880	180.5	39.95	25.03	9.03	8.0	615	35	615.0	680.0	15
1-1791220908-lane.gpuclock-2641880	181.9	41.55	24.07	10.31	7.19	615	37	615.0	680.0	14
1-1791220908-lane.gpuclock-2641880	183.2	45.32	22.07	7.74	7.04	615	37	615.0	680.0	14
1-1791220908-lane.gpuclock-2641880	184.5	45.66	21.90	6.8	5.91	615	33	615.0	680.0	13
1-1791220908-lane.gpuclock-2641880	185.8	47.06	21.25	6.37	5.7	615	34	615.0	680.0	12
1-1791220908-lane.gpuclock-2641880	187.2	42.02	23.80	7.06	6.4	615	35	615.0	680.0	15
1-1791220908-lane.gpuclock-2641880	188.7	41.32	24.20	7.26	6.59	615	37	615.0	680.0	14
1-1791220908-lane.gpuclock-2641880	190.1	41.87	23.88	7.5	6.81	615	37	615.0	680.0	15
1-1791220908-lane.gpuclock-2641880	191.6	40.79	24.52	9.04	8.34	615	35	615.0	680.0	14
1-1791220908-lane.gpuclock-2641880	193.1	39.42	25.37	10.32	8.07	615	34	615.0	680.0	15
1-1791220908-lane.gpuclock-2641880	195.8	22.65	44.15	6.97	6.29	615	35	615.0	680.0	13
1-1791220908-lane.gpuclock-2641880	197.1	46.51	21.50	6.58	5.69	615	34	615.0	680.0	13
1-1791220908-lane.gpuclock-2641880	198.4	46.37	21.57	6.55	5.89	615	35	615.0	680.0	13
1-1791220908-lane.gpuclock-2641880	199.8	40.27	24.83	7.59	6.87	615	35	615.0	680.0	15
1-1791220908-lane.gpuclock-2641880	201.4	39.60	25.25	9.48	7.49	615	38	615.0	680.0	15
1-1791220908-lane.gpuclock-2641880	202.9	39.60	25.25	9.82	8.26	615	39	615.0	680.0	15
1-1791220908-lane.gpuclock-2641880	204.4	40.05	24.97	9.14	8.5	615	34	615.0	680.0	15
1-1791220908-lane.gpuclock-2641880	205.7	43.89	22.78	7.11	6.47	615	34	615.0	680.0	14
1-1791220908-lane.gpuclock-2641880	207.1	45.42	22.02	6.76	6.11	615	33	615.0	680.0	13
1-1791220908-lane.gpuclock-2641880	208.4	45.35	22.05	6.58	5.94	615	32	615.0	680.0	13
1-1791220908-lane.gpuclock-2641880	209.7	46.01	21.73	6.92	5.91	615	33	615.0	680.0	13
1-1791220908-lane.gpuclock-2641880	211.0	44.81	22.32	6.61	5.76	615	35	615.0	680.0	13
1-1791220908-lane.gpuclock-2641880	212.7	35.15	28.45	12.55	8.75	615	38	615.0	680.0	17
1-1791220908-lane.gpuclock-2641880	214.3	38.22	26.17	11.69	8.28	615	41	615.0	680.0	16
1-1791220908-lane.gpuclock-2641880	215.8	39.01	25.63	10.17	8.07	615	40	615.0	680.0	15
1-1791220908-lane.gpuclock-2641880	217.3	42.46	23.55	8.0	7.32	615	36	615.0	680.0	15
1-1791220908-lane.gpuclock-2641880	218.6	46.37	21.57	6.8	6.15	615	35	615.0	680.0	13
1-1791220908-lane.gpuclock-2641880	219.8	46.80	21.37	6.74	6.08	615	33	615.0	680.0	12
1-1791220908-lane.gpuclock-2641880	221.1	46.51	21.50	6.73	5.98	615	34	615.0	680.0	13
1-1791220908-lane.gpuclock-2641880	222.4	46.12	21.68	6.85	5.9	615	34	615.0	680.0	13
1-1791220908-lane.gpuclock-2641880	224.1	35.65	28.05	12.39	8.47	615	36	615.0	680.0	17
1-1791220908-lane.gpuclock-2641880	225.8	35.23	28.38	12.95	8.56	615	42	615.0	680.0	17
1-1791220908-lane.gpuclock-2641880	227.3	40.57	24.65	8.58	7.21	615	40	615.0	680.0	15
1-1791220908-lane.gpuclock-2641880	228.7	41.44	24.13	7.66	6.96	615	35	615.0	680.0	14
1-1791220908-lane.gpuclock-2641880	230.1	44.58	22.43	7.0	6.31	615	36	615.0	680.0	14
1-1791220908-lane.gpuclock-2641880	231.4	46.37	21.57	6.81	6.14	615	34	615.0	680.0	13
1-1791220908-lane.gpuclock-2641880	232.7	46.48	21.52	6.71	6.02	615	34	615.0	680.0	13
1-1791220908-lane.gpuclock-2641880	234.1	43.01	23.25	8.52	6.51	615	34	615.0	680.0	13
1-1791220908-lane.gpuclock-2641880	235.7	36.17	27.65	12.41	8.13	615	37	615.0	680.0	17
1-1791220908-lane.gpuclock-2641880	237.5	34.03	29.38	13.65	8.85	615	41	615.0	680.0	18
1-1791220908-lane.gpuclock-2641880	239.0	40.60	24.63	8.18	6.94	615	40	615.0	680.0	14
1-1791220908-lane.gpuclock-2641880	240.4	41.93	23.85	7.25	6.58	615	36	615.0	680.0	15
1-1791220908-lane.gpuclock-2641880	241.8	42.83	23.35	6.87	6.21	615	36	615.0	680.0	14
1-1791220908-lane.gpuclock-2641880	243.1	45.52	21.97	6.85	6.15	615	35	615.0	680.0	13
1-1791220908-lane.gpuclock-2641880	244.4	45.25	22.10	6.66	5.97	615	34	615.0	680.0	13
1-1791220908-lane.gpuclock-2641880	245.9	41.52	24.08	9.73	6.92	615	34	615.0	680.0	15
1-1791220908-lane.gpuclock-2641880	247.4	39.09	25.58	11.12	7.42	615	37	615.0	680.0	15
1-1791220908-lane.gpuclock-2641880	249.1	34.82	28.72	12.39	8.79	615	40	615.0	680.0	17
1-1791220908-lane.gpuclock-2641880	250.6	40.90	24.45	7.78	6.44	615	39	615.0	680.0	15
1-1791220908-lane.gpuclock-2641880	252.0	42.02	23.80	7.5	6.83	615	36	615.0	680.0	14
1-1791220908-lane.gpuclock-2641880	253.5	41.93	23.85	7.4	6.74	615	35	615.0	680.0	14
1-1791220908-lane.gpuclock-2641880	254.8	45.91	21.78	6.7	6.02	615	36	615.0	680.0	13
1-1791220908-lane.gpuclock-2641880	256.1	45.52	21.97	7.27	6.58	615	34	615.0	680.0	14
1-1791220908-lane.gpuclock-2641880	257.5	44.05	22.70	8.37	6.91	615	32	615.0	680.0	13
1-1791220908-lane.gpuclock-2641880	258.9	41.99	23.82	9.91	6.85	615	35	615.0	680.0	14
1-1791220908-lane.gpuclock-2641880	260.4	38.96	25.67	9.63	7.25	615	36	615.0	680.0	16
1-1791220908-lane.gpuclock-2641880	261.9	40.00	25.00	8.26	6.79	615	39	615.0	680.0	15
1-1791220908-lane.gpuclock-2641880	263.4	41.81	23.92	7.39	6.7	615	37	615.0	680.0	14
1-1791220908-lane.gpuclock-2641880	264.8	41.35	24.18	7.56	6.87	615	36	615.0	680.0	15
1-1791220908-lane.gpuclock-2641880	266.2	42.77	23.38	7.09	6.37	615	36	615.0	680.0	14
1-1791220908-lane.gpuclock-2641880	267.6	43.89	22.78	8.11	6.85	615	34	615.0	680.0	13
1-1791220908-lane.gpuclock-2641880	268.9	44.84	22.30	7.82	6.88	615	33	615.0	680.0	14
1-1791220908-lane.gpuclock-2641880	270.3	44.09	22.68	8.08	6.5	615	33	615.0	680.0	13
1-1791220908-lane.gpuclock-2641880	271.7	43.51	22.98	7.65	6.29	615	35	615.0	680.0	14
1-1791220908-lane.gpuclock-2641880	273.2	39.76	25.15	6.95	6.28	615	36	615.0	680.0	15
1-1791220908-lane.gpuclock-2641880	274.6	41.35	24.18	6.74	6.07	615	36	615.0	680.0	15
