run	t	fps	F	gms	grn	mhz	busy	floor	ceil	ns	vmhz
1-1791220914-lane.gpuclock-2642143	10.8	40.51	24.68	5.4	5.07	401	39	401.0	680.0	15	-
1-1791220914-lane.gpuclock-2642143	12.2	43.26	23.12	5.51	5.19	401	39	401.0	680.0	14	-
1-1791220914-lane.gpuclock-2642143	14.8	23.45	42.65	12.35	10.08	401	44	401.0	680.0	25	-
1-1791220914-lane.gpuclock-2642143	17.5	21.79	45.88	13.71	11.1	401	51	401.0	680.0	28	-
1-1791220914-lane.gpuclock-2642143	20.2	22.58	44.28	14.92	13.1	401	52	401.0	680.0	26	-
1-1791220914-lane.gpuclock-2642143	22.5	26.39	37.90	11.59	11.25	401	55	401.0	680.0	23	-
1-1791220914-lane.gpuclock-2642143	24.8	25.36	39.43	11.36	11.01	401	50	401.0	680.0	23	-
1-1791220914-lane.gpuclock-2642143	26.8	30.43	32.87	9.31	8.96	401	48	401.0	680.0	20	-
1-1791220914-lane.gpuclock-2642143	28.8	29.69	33.68	9.47	9.13	401	48	401.0	680.0	20	-
1-1791220914-lane.gpuclock-2642143	31.5	22.49	44.47	12.68	11.21	401	48	401.0	680.0	27	-
1-1791220914-lane.gpuclock-2642143	34.0	24.36	41.05	11.82	10.0	401	49	401.0	680.0	25	-
1-1791220914-lane.gpuclock-2642143	36.0	29.91	33.43	9.38	8.82	401	47	401.0	680.0	20	-
1-1791220914-lane.gpuclock-2642143	38.2	26.40	37.88	9.97	8.78	401	44	401.0	680.0	22	-
1-1791220914-lane.gpuclock-2642143	40.5	26.65	37.52	10.55	9.48	401	47	401.0	680.0	23	-
1-1791220914-lane.gpuclock-2642143	43.1	22.68	44.08	11.94	10.03	401	46	401.0	680.0	26	-
1-1791220914-lane.gpuclock-2642143	45.8	22.45	44.55	12.76	10.05	401	48	401.0	680.0	27	-
1-1791220914-lane.gpuclock-2642143	48.4	22.81	43.85	12.14	10.26	401	46	401.0	680.0	26	-
1-1791220914-lane.gpuclock-2642143	51.0	23.66	42.27	11.5	10.42	401	47	401.0	680.0	26	-
1-1791220914-lane.gpuclock-2642143	53.7	22.32	44.80	13.35	10.39	401	48	401.0	680.0	26	-
1-1791220914-lane.gpuclock-2642143	56.0	25.99	38.48	9.72	8.62	401	47	401.0	680.0	23	-
1-1791220914-lane.gpuclock-2642143	57.9	31.15	32.10	9.06	7.8	401	43	401.0	680.0	20	-
1-1791220914-lane.gpuclock-2642143	59.9	29.62	33.77	8.43	7.87	401	45	401.0	680.0	20	-
1-1791220914-lane.gpuclock-2642143	61.9	30.46	32.83	8.22	7.85	401	42	401.0	680.0	20	-
1-1791220914-lane.gpuclock-2642143	63.8	31.46	31.78	8.28	7.79	401	40	401.0	680.0	19	-
1-1791220914-lane.gpuclock-2642143	65.7	31.10	32.15	8.63	7.73	401	46	401.0	680.0	19	-
1-1791220914-lane.gpuclock-2642143	67.5	34.48	29.00	8.14	7.79	401	47	401.0	680.0	17	-
1-1791220914-lane.gpuclock-2642143	69.3	32.59	30.68	8.16	7.83	401	47	401.0	680.0	19	-
1-1791220914-lane.gpuclock-2642143	70.4	55.61	17.98	4.87	3.79	401	43	401.0	680.0	10	-
1-1791220914-lane.gpuclock-2642143	71.4	59.94	16.68	5.62	3.65	401	46	401.0	680.0	10	-
1-1791220914-lane.gpuclock-2642143	73.1	35.05	28.53	9.8	7.59	401	56	401.0	680.0	18	-
1-1791220914-lane.gpuclock-2642143	74.8	36.04	27.75	8.51	7.98	401	54	401.0	680.0	16	-
1-1791220914-lane.gpuclock-2642143	76.5	34.60	28.90	9.15	8.82	401	52	401.0	680.0	17	-
1-1791220914-lane.gpuclock-2642143	78.4	32.00	31.25	9.23	8.9	401	53	401.0	680.0	19	-
1-1791220914-lane.gpuclock-2642143	80.4	29.78	33.58	9.27	8.93	401	48	401.0	680.0	20	-
1-1791220914-lane.gpuclock-2642143	82.3	31.63	31.62	7.78	7.46	401	43	401.0	680.0	19	-
1-1791220914-lane.gpuclock-2642143	83.5	49.46	20.22	5.22	4.9	401	42	401.0	680.0	12	-
1-1791220914-lane.gpuclock-2642143	84.6	56.18	17.80	5.19	4.87	401	46	401.0	680.0	11	-
1-1791220914-lane.gpuclock-2642143	85.6	56.02	17.85	5.21	4.89	401	50	401.0	680.0	11	-
1-1791220914-lane.gpuclock-2642143	86.6	60.73	16.47	7.29	4.65	401	52	401.0	680.0	10	-
1-1791220914-lane.gpuclock-2642143	87.6	59.94	16.68	7.87	4.63	401	69	401.0	680.0	10	-
1-1791220914-lane.gpuclock-2642143	90.1	24.74	40.42	12.04	10.17	401	62	401.0	680.0	24	-
1-1791220914-lane.gpuclock-2642143	92.6	24.11	41.48	10.79	10.36	401	46	401.0	680.0	25	-
1-1791220914-lane.gpuclock-2642143	95.3	21.79	45.88	11.32	10.64	401	41	401.0	680.0	27	-
1-1791220914-lane.gpuclock-2642143	98.5	18.87	53.00	12.79	11.19	401	41	401.0	680.0	32	-
1-1791220914-lane.gpuclock-2642143	101.6	18.97	52.72	12.39	11.37	401	40	401.0	680.0	31	-
1-1791220914-lane.gpuclock-2642143	104.6	20.34	49.17	13.3	11.47	401	42	401.0	680.0	30	-
1-1791220914-lane.gpuclock-2642143	107.0	25.05	39.92	12.4	12.02	401	51	401.0	680.0	24	-
1-1791220914-lane.gpuclock-2642143	109.3	25.58	39.10	12.4	12.01	401	54	401.0	680.0	23	-
1-1791220914-lane.gpuclock-2642143	111.8	24.41	40.97	11.64	11.27	401	50	401.0	680.0	25	-
1-1791220914-lane.gpuclock-2642143	113.9	28.59	34.98	9.27	8.92	401	46	401.0	680.0	21	-
1-1791220914-lane.gpuclock-2642143	116.0	29.08	34.38	9.31	8.95	401	45	401.0	680.0	20	-
1-1791220914-lane.gpuclock-2642143	118.0	29.08	34.38	9.71	9.36	401	47	401.0	680.0	21	-
1-1791220914-lane.gpuclock-2642143	120.2	27.24	36.72	9.72	9.37	401	47	401.0	680.0	22	-
1-1791220914-lane.gpuclock-2642143	122.3	29.01	34.47	9.71	9.36	401	44	401.0	680.0	21	-
1-1791220914-lane.gpuclock-2642143	124.7	24.72	40.45	10.27	9.21	401	46	401.0	680.0	24	-
1-1791220914-lane.gpuclock-2642143	127.4	22.50	44.45	10.35	9.52	401	40	401.0	680.0	26	-
1-1791220914-lane.gpuclock-2642143	130.3	20.60	48.53	11.05	10.3	401	37	401.0	680.0	30	-
1-1791220914-lane.gpuclock-2642143	132.7	25.34	39.47	10.08	9.7	401	44	401.0	680.0	23	-
1-1791220914-lane.gpuclock-2642143	135.6	20.37	49.08	10.88	10.49	401	40	401.0	680.0	30	-
1-1791220914-lane.gpuclock-2642143	137.8	27.19	36.78	8.55	8.19	401	39	401.0	680.0	22	-
1-1791220914-lane.gpuclock-2642143	139.7	31.86	31.38	7.46	7.13	401	40	401.0	680.0	18	-
1-1791220914-lane.gpuclock-2642143	141.5	33.71	29.67	7.73	7.38	401	43	401.0	680.0	18	-
1-1791220914-lane.gpuclock-2642143	143.3	33.30	30.03	7.99	7.6	401	46	401.0	680.0	18	-
1-1791220914-lane.gpuclock-2642143	144.9	36.56	27.35	7.58	6.87	401	45	401.0	680.0	16	-
1-1791220914-lane.gpuclock-2642143	150.3	11.20	89.30	3.42	2.38	424	15	401.0	680.0	54	-
1-1791220914-lane.gpuclock-2642143	153.3	19.81	50.48	1.08	0.82	401	3	401.0	680.0	30	-
1-1791220914-lane.gpuclock-2642143	154.3	59.94	16.68	0.9	0.67	401	7	401.0	680.0	10	-
1-1791220914-lane.gpuclock-2642143	156.0	35.69	28.02	2.22	1.8	401	8	401.0	680.0	17	-
1-1791220914-lane.gpuclock-2642143	157.2	50.34	19.87	3.74	3.38	401	22	401.0	680.0	12	-
1-1791220914-lane.gpuclock-2642143	158.2	60.18	16.62	2.04	1.53	401	34	401.0	680.0	10	-
1-1791220914-lane.gpuclock-2642143	159.2	59.94	16.68	1.79	1.11	401	22	401.0	680.0	10	-
1-1791220914-lane.gpuclock-2642143	160.2	59.94	16.68	1.93	1.21	401	19	401.0	680.0	10	-
1-1791220914-lane.gpuclock-2642143	161.2	59.94	16.68	2.05	1.21	401	20	401.0	680.0	10	-
1-1791220914-lane.gpuclock-2642143	162.2	59.94	16.68	2.2	1.24	401	21	401.0	680.0	10	-
1-1791220914-lane.gpuclock-2642143	163.2	59.94	16.68	2.23	1.25	401	22	401.0	680.0	10	-
1-1791220914-lane.gpuclock-2642143	164.2	59.41	16.83	2.55	1.44	401	23	401.0	680.0	10	-
1-1791220914-lane.gpuclock-2642143	165.2	60.48	16.53	2.72	1.46	401	26	401.0	680.0	10	-
1-1791220914-lane.gpuclock-2642143	166.2	59.88	16.70	2.3	1.32	401	27	401.0	680.0	10	-
1-1791220914-lane.gpuclock-2642143	167.3	55.92	17.88	2.71	1.75	401	23	401.0	680.0	11	-
1-1791220914-lane.gpuclock-2642143	168.6	45.18	22.13	4.53	4.18	401	29	401.0	680.0	13	-
1-1791220914-lane.gpuclock-2642143	169.7	55.30	18.08	3.2	2.75	401	36	401.0	680.0	11	-
1-1791220914-lane.gpuclock-2642143	171.2	40.21	24.87	5.13	3.13	401	30	401.0	680.0	15	-
1-1791220914-lane.gpuclock-2642143	172.5	44.15	22.65	4.57	3.59	401	37	401.0	680.0	13	-
1-1791220914-lane.gpuclock-2642143	173.8	48.39	20.67	4.32	3.76	401	34	401.0	680.0	13	-
1-1791220914-lane.gpuclock-2642143	174.7	61.98	16.13	3.15	2.14	401	35	401.0	680.0	9	-
1-1791220914-lane.gpuclock-2642143	175.7	59.94	16.68	3.33	1.97	401	34	401.0	680.0	10	-
1-1791220914-lane.gpuclock-2642143	176.7	59.88	16.70	3.12	1.84	401	33	401.0	680.0	10	-
1-1791220914-lane.gpuclock-2642143	178.0	46.33	21.58	4.71	3.69	401	34	401.0	680.0	13	-
1-1791220914-lane.gpuclock-2642143	179.2	50.98	19.62	3.73	3.14	401	37	401.0	680.0	12	-
1-1791220914-lane.gpuclock-2642143	180.3	55.97	17.87	3.3	1.89	401	33	401.0	680.0	11	-
1-1791220914-lane.gpuclock-2642143	182.3	29.84	33.52	3.58	2.07	401	33	401.0	680.0	10	-
1-1791220914-lane.gpuclock-2642143	183.3	59.94	16.68	3.74	2.27	401	36	401.0	680.0	10	-
1-1791220914-lane.gpuclock-2642143	184.3	59.94	16.68	3.56	2.2	401	37	401.0	680.0	10	-
1-1791220914-lane.gpuclock-2642143	185.3	59.94	16.68	3.59	2.17	401	35	401.0	680.0	10	-
1-1791220914-lane.gpuclock-2642143	186.3	59.88	16.70	3.29	1.95	401	36	401.0	680.0	10	-
1-1791220914-lane.gpuclock-2642143	187.3	60.00	16.67	3.2	1.86	401	32	401.0	680.0	10	-
1-1791220914-lane.gpuclock-2642143	188.3	59.94	16.68	3.11	1.83	401	32	401.0	680.0	10	-
1-1791220914-lane.gpuclock-2642143	189.3	59.94	16.68	3.33	1.97	401	31	401.0	680.0	10	-
1-1791220914-lane.gpuclock-2642143	190.3	59.94	16.68	3.37	2.05	401	33	401.0	680.0	10	-
1-1791220914-lane.gpuclock-2642143	191.3	59.94	16.68	3.29	2.0	401	33	401.0	680.0	10	-
1-1791220914-lane.gpuclock-2642143	192.3	59.88	16.70	3.29	1.9	401	33	401.0	680.0	10	-
1-1791220914-lane.gpuclock-2642143	193.3	60.00	16.67	3.54	2.06	401	33	401.0	680.0	10	-
1-1791220914-lane.gpuclock-2642143	194.3	59.88	16.70	3.97	2.31	401	35	401.0	680.0	10	-
1-1791220914-lane.gpuclock-2642143	195.3	60.00	16.67	4.22	2.5	401	39	401.0	680.0	10	-
1-1791220914-lane.gpuclock-2642143	196.3	59.94	16.68	4.14	2.45	401	42	401.0	680.0	10	-
1-1791220914-lane.gpuclock-2642143	197.3	59.88	16.70	3.93	2.32	401	41	401.0	680.0	10	-
1-1791220914-lane.gpuclock-2642143	198.3	59.88	16.70	5.12	3.05	401	39	401.0	680.0	10	-
1-1791220914-lane.gpuclock-2642143	199.5	51.64	19.37	5.0	3.67	401	50	401.0	680.0	11	-
1-1791220914-lane.gpuclock-2642143	200.5	56.60	17.67	3.55	2.82	401	43	401.0	680.0	11	-
1-1791220914-lane.gpuclock-2642143	201.7	53.57	18.67	3.49	2.05	401	35	401.0	680.0	11	-
1-1791220914-lane.gpuclock-2642143	202.7	58.37	17.13	3.29	2.4	401	32	401.0	680.0	10	-
1-1791220914-lane.gpuclock-2642143	203.7	59.94	16.68	3.48	1.98	401	33	401.0	680.0	10	-
1-1791220914-lane.gpuclock-2642143	204.7	59.94	16.68	3.62	2.09	401	34	401.0	680.0	10	-
1-1791220914-lane.gpuclock-2642143	205.7	59.58	16.78	3.58	2.02	401	35	401.0	680.0	10	-
1-1791220914-lane.gpuclock-2642143	206.7	60.30	16.58	3.25	1.9	401	35	401.0	680.0	10	-
1-1791220914-lane.gpuclock-2642143	207.7	59.94	16.68	3.37	2.03	401	33	401.0	680.0	10	-
1-1791220914-lane.gpuclock-2642143	208.7	59.82	16.72	5.37	3.19	401	37	401.0	680.0	10	-
1-1791220914-lane.gpuclock-2642143	209.7	59.88	16.70	5.93	3.47	401	49	401.0	680.0	10	-
1-1791220914-lane.gpuclock-2642143	210.7	60.00	16.67	6.0	3.55	401	58	401.0	680.0	10	-
1-1791220914-lane.gpuclock-2642143	211.7	59.82	16.72	5.93	3.48	401	58	401.0	680.0	10	-
1-1791220914-lane.gpuclock-2642143	212.7	60.06	16.65	6.1	3.62	401	59	401.0	680.0	10	-
1-1791220914-lane.gpuclock-2642143	213.7	59.94	16.68	5.89	3.48	401	59	401.0	680.0	10	-
1-1791220914-lane.gpuclock-2642143	214.7	59.94	16.68	6.21	3.67	401	59	401.0	680.0	10	-
1-1791220914-lane.gpuclock-2642143	215.7	59.94	16.68	6.2	3.62	401	60	401.0	680.0	10	-
1-1791220914-lane.gpuclock-2642143	216.7	60.06	16.65	4.57	2.69	401	58	401.0	680.0	10	-
1-1791220914-lane.gpuclock-2642143	217.7	59.94	16.68	4.43	2.6	401	48	401.0	680.0	10	-
1-1791220914-lane.gpuclock-2642143	218.7	59.94	16.68	4.45	2.53	401	43	401.0	680.0	10	-
1-1791220914-lane.gpuclock-2642143	219.7	59.94	16.68	4.28	2.53	401	44	401.0	680.0	10	-
1-1791220914-lane.gpuclock-2642143	220.7	59.94	16.68	3.97	2.36	401	42	401.0	680.0	10	-
1-1791220914-lane.gpuclock-2642143	221.7	59.94	16.68	3.45	2.01	401	40	401.0	680.0	10	-
1-1791220914-lane.gpuclock-2642143	222.7	59.88	16.70	3.82	2.22	401	35	401.0	680.0	10	-
1-1791220914-lane.gpuclock-2642143	223.7	60.00	16.67	3.62	2.11	401	36	401.0	680.0	10	-
1-1791220914-lane.gpuclock-2642143	224.7	59.94	16.68	3.72	2.16	401	36	401.0	680.0	10	-
1-1791220914-lane.gpuclock-2642143	225.7	59.94	16.68	3.9	2.25	401	36	401.0	680.0	10	-
1-1791220914-lane.gpuclock-2642143	226.7	59.88	16.70	3.72	2.32	401	38	401.0	680.0	10	-
1-1791220914-lane.gpuclock-2642143	227.7	59.82	16.72	4.82	2.94	401	38	401.0	680.0	10	-
1-1791220914-lane.gpuclock-2642143	228.7	59.94	16.68	6.82	4.09	401	46	401.0	680.0	10	-
1-1791220914-lane.gpuclock-2642143	229.7	59.88	16.70	6.85	4.1	401	66	401.0	680.0	10	-
1-1791220914-lane.gpuclock-2642143	230.7	60.00	16.67	7.58	4.65	401	68	401.0	680.0	10	-
1-1791220914-lane.gpuclock-2642143	231.7	59.94	16.68	6.35	3.87	401	71	401.0	680.0	10	-
1-1791220914-lane.gpuclock-2642143	232.7	60.00	16.67	5.1	3.01	401	62	401.0	680.0	10	-
1-1791220914-lane.gpuclock-2642143	233.7	59.88	16.70	6.45	3.81	401	52	401.0	680.0	10	-
1-1791220914-lane.gpuclock-2642143	234.7	59.94	16.68	6.55	3.9	401	62	401.0	680.0	10	-
1-1791220914-lane.gpuclock-2642143	236.1	44.41	22.52	6.09	4.57	401	60	401.0	680.0	14	-
1-1791220914-lane.gpuclock-2642143	237.5	41.55	24.07	5.49	5.05	401	45	401.0	680.0	14	-
1-1791220914-lane.gpuclock-2642143	238.9	42.83	23.35	5.44	4.99	401	41	401.0	680.0	14	-
1-1791220914-lane.gpuclock-2642143	240.4	41.70	23.98	5.31	4.91	401	40	401.0	680.0	14	-
1-1791220914-lane.gpuclock-2642143	242.9	23.98	41.70	4.99	4.62	401	42	401.0	680.0	12	-
1-1791220914-lane.gpuclock-2642143	244.0	51.68	19.35	4.91	4.54	401	46	401.0	680.0	12	-
1-1791220914-lane.gpuclock-2642143	245.3	48.39	20.67	5.07	4.69	401	45	401.0	680.0	12	-
1-1791220914-lane.gpuclock-2642143	248.2	20.05	49.88	4.03	3.65	401	29	401.0	680.0	30	-
1-1791220914-lane.gpuclock-2642143	252.5	14.00	71.42	2.36	1.68	401	3	401.0	680.0	43	-
1-1791220914-lane.gpuclock-2642143	253.5	59.94	16.68	0.91	0.68	401	18	401.0	680.0	10	-
1-1791220914-lane.gpuclock-2642143	255.4	32.31	30.95	4.39	4.1	401	8	401.0	680.0	19	-
1-1791220914-lane.gpuclock-2642143	257.6	27.60	36.23	11.01	10.09	401	46	401.0	680.0	21	-
1-1791220914-lane.gpuclock-2642143	260.1	23.26	43.00	12.98	11.84	401	51	401.0	680.0	26	-
1-1791220914-lane.gpuclock-2642143	262.5	25.64	39.00	11.93	11.54	401	51	401.0	680.0	23	-
1-1791220914-lane.gpuclock-2642143	264.7	27.14	36.85	11.8	11.46	401	54	401.0	680.0	23	-
1-1791220914-lane.gpuclock-2642143	267.0	25.70	38.92	12.2	11.89	401	53	401.0	680.0	23	-
1-1791220914-lane.gpuclock-2642143	269.3	26.35	37.95	12.13	11.77	401	54	401.0	680.0	23	-
1-1791220914-lane.gpuclock-2642143	271.6	26.13	38.27	11.54	11.15	401	53	401.0	680.0	23	-
1-1791220914-lane.gpuclock-2642143	273.9	26.03	38.42	11.55	11.16	401	51	401.0	680.0	23	-
1-1791220916-lane.gpuclock-2642242	11.2	29.53	33.87	9.88	6.71	615	48	615.0	680.0	21	-
1-1791220916-lane.gpuclock-2642242	13.2	29.93	33.42	9.38	7.34	615	48	615.0	680.0	20	-
1-1791220916-lane.gpuclock-2642242	15.4	28.09	35.60	10.12	7.3	615	47	615.0	680.0	21	-
1-1791220916-lane.gpuclock-2642242	17.0	36.41	27.47	7.8	7.48	615	47	615.0	680.0	17	-
1-1791220916-lane.gpuclock-2642242	18.7	36.32	27.53	7.75	7.5	615	48	615.0	680.0	16	-
1-1791220916-lane.gpuclock-2642242	20.4	35.74	27.98	7.8	7.55	615	47	615.0	680.0	17	-
1-1791220916-lane.gpuclock-2642242	21.8	41.04	24.37	6.6	6.35	615	47	615.0	680.0	15	-
1-1791220916-lane.gpuclock-2642242	23.2	42.61	23.47	6.19	5.93	615	45	615.0	680.0	14	-
1-1791220916-lane.gpuclock-2642242	24.8	38.86	25.73	6.4	6.15	615	43	615.0	680.0	15	-
1-1791220916-lane.gpuclock-2642242	26.6	32.12	31.13	8.28	7.42	615	44	615.0	680.0	19	-
1-1791220916-lane.gpuclock-2642242	28.8	28.06	35.63	9.41	7.17	615	46	615.0	680.0	21	-
1-1791220916-lane.gpuclock-2642242	30.2	42.02	23.80	6.37	5.84	615	43	615.0	680.0	14	-
1-1791220916-lane.gpuclock-2642242	31.7	41.61	24.03	6.28	5.87	615	44	615.0	680.0	15	-
1-1791220916-lane.gpuclock-2642242	33.1	41.84	23.90	6.24	5.86	615	43	615.0	680.0	14	-
1-1791220916-lane.gpuclock-2642242	34.6	40.38	24.77	6.31	5.84	615	44	615.0	680.0	15	-
1-1791220916-lane.gpuclock-2642242	36.3	35.48	28.18	7.1	6.67	615	41	615.0	680.0	17	-
1-1791220916-lane.gpuclock-2642242	38.3	29.11	34.35	8.83	6.64	615	44	615.0	680.0	20	-
1-1791220916-lane.gpuclock-2642242	40.0	34.97	28.60	7.48	6.68	615	42	615.0	680.0	17	-
1-1791220916-lane.gpuclock-2642242	41.8	34.74	28.78	7.7	6.69	615	45	615.0	680.0	18	-
1-1791220916-lane.gpuclock-2642242	43.6	33.54	29.82	7.76	6.89	615	43	615.0	680.0	18	-
1-1791220916-lane.gpuclock-2642242	45.2	35.46	28.20	7.7	6.91	615	45	615.0	680.0	17	-
1-1791220916-lane.gpuclock-2642242	47.0	33.98	29.43	7.97	6.9	615	46	615.0	680.0	17	-
1-1791220916-lane.gpuclock-2642242	48.6	36.86	27.13	7.05	6.75	615	44	615.0	680.0	16	-
1-1791220916-lane.gpuclock-2642242	49.9	48.50	20.62	5.54	5.21	615	44	615.0	680.0	13	-
1-1791220916-lane.gpuclock-2642242	51.4	39.06	25.60	5.66	5.2	615	42	615.0	680.0	15	-
1-1791220916-lane.gpuclock-2642242	52.7	46.15	21.67	5.57	5.22	615	39	615.0	680.0	13	-
1-1791220916-lane.gpuclock-2642242	53.9	48.94	20.43	5.51	5.23	615	43	615.0	680.0	12	-
1-1791220916-lane.gpuclock-2642242	55.3	43.51	22.98	5.48	5.22	615	44	615.0	680.0	14	-
1-1791220916-lane.gpuclock-2642242	56.6	48.27	20.72	7.23	4.99	615	38	615.0	680.0	13	-
1-1791220916-lane.gpuclock-2642242	57.8	48.12	20.78	5.5	5.17	615	60	615.0	680.0	12	-
1-1791220916-lane.gpuclock-2642242	59.1	48.15	20.77	5.47	5.17	615	44	615.0	680.0	12	-
1-1791220916-lane.gpuclock-2642242	60.2	50.59	19.77	5.6	5.16	615	45	615.0	680.0	12	-
1-1791220916-lane.gpuclock-2642242	61.4	50.46	19.82	5.48	5.16	615	47	615.0	680.0	12	-
1-1791220916-lane.gpuclock-2642242	62.6	49.79	20.08	5.46	5.17	615	46	615.0	680.0	12	-
1-1791220916-lane.gpuclock-2642242	63.6	61.54	16.25	3.41	2.4	615	45	615.0	680.0	10	-
1-1791220916-lane.gpuclock-2642242	64.6	59.94	16.68	3.71	2.41	615	35	615.0	680.0	10	-
1-1791220916-lane.gpuclock-2642242	65.9	47.17	21.20	6.03	5.08	615	38	615.0	680.0	13	-
1-1791220916-lane.gpuclock-2642242	67.1	48.47	20.63	5.65	5.23	615	48	615.0	680.0	12	-
1-1791220916-lane.gpuclock-2642242	68.4	47.10	21.23	5.94	5.68	615	46	615.0	680.0	13	-
1-1791220916-lane.gpuclock-2642242	69.8	41.67	24.00	6.17	5.92	615	46	615.0	680.0	14	-
1-1791220916-lane.gpuclock-2642242	71.2	45.59	21.93	6.16	5.91	615	45	615.0	680.0	13	-
1-1791220916-lane.gpuclock-2642242	72.5	43.35	23.07	6.22	5.96	615	47	615.0	680.0	14	-
1-1791220916-lane.gpuclock-2642242	74.0	39.84	25.10	6.27	6.02	615	44	615.0	680.0	15	-
1-1791220916-lane.gpuclock-2642242	75.1	56.18	17.80	4.85	3.72	615	42	615.0	680.0	11	-
1-1791220916-lane.gpuclock-2642242	76.1	59.94	16.68	5.24	3.06	615	46	615.0	680.0	10	-
1-1791220916-lane.gpuclock-2642242	77.1	59.94	16.68	5.31	3.1	615	51	615.0	680.0	10	-
1-1791220916-lane.gpuclock-2642242	78.1	59.94	16.68	4.99	3.08	615	51	615.0	680.0	10	-
1-1791220916-lane.gpuclock-2642242	79.1	59.94	16.68	5.2	3.06	615	50	615.0	680.0	10	-
1-1791220916-lane.gpuclock-2642242	80.3	52.13	19.18	6.24	3.81	615	49	615.0	680.0	11	-
1-1791220916-lane.gpuclock-2642242	81.9	36.17	27.65	7.29	6.92	615	50	615.0	680.0	17	-
1-1791220916-lane.gpuclock-2642242	83.7	33.09	30.22	7.15	6.89	615	41	615.0	680.0	18	-
1-1791220916-lane.gpuclock-2642242	85.5	34.60	28.90	7.04	6.78	615	42	615.0	680.0	17	-
1-1791220916-lane.gpuclock-2642242	87.4	30.82	32.45	7.89	7.23	615	42	615.0	680.0	20	-
1-1791220916-lane.gpuclock-2642242	89.5	29.23	34.22	7.78	7.41	615	38	615.0	680.0	20	-
1-1791220916-lane.gpuclock-2642242	91.8	25.54	39.15	9.37	7.51	615	40	615.0	680.0	24	-
1-1791220916-lane.gpuclock-2642242	94.0	27.37	36.53	8.83	7.5	615	40	615.0	680.0	22	-
1-1791220916-lane.gpuclock-2642242	96.0	30.38	32.92	8.17	7.72	615	41	615.0	680.0	19	-
1-1791220916-lane.gpuclock-2642242	97.8	32.22	31.03	8.37	7.96	615	44	615.0	680.0	19	-
1-1791220916-lane.gpuclock-2642242	99.7	32.28	30.98	8.29	8.01	615	46	615.0	680.0	19	-
1-1791220916-lane.gpuclock-2642242	101.6	31.93	31.32	8.26	7.98	615	45	615.0	680.0	18	-
1-1791220916-lane.gpuclock-2642242	103.2	38.05	26.28	6.73	6.47	615	45	615.0	680.0	16	-
1-1791220916-lane.gpuclock-2642242	104.7	38.91	25.70	6.17	5.9	615	43	615.0	680.0	16	-
1-1791220916-lane.gpuclock-2642242	106.2	39.50	25.32	6.15	5.89	615	39	615.0	680.0	15	-
1-1791220916-lane.gpuclock-2642242	107.7	41.35	24.18	6.47	6.21	615	44	615.0	680.0	14	-
1-1791220916-lane.gpuclock-2642242	109.1	41.61	24.03	6.46	6.21	615	45	615.0	680.0	15	-
1-1791220916-lane.gpuclock-2642242	110.7	37.43	26.72	6.47	6.22	615	41	615.0	680.0	16	-
1-1791220916-lane.gpuclock-2642242	112.2	41.55	24.07	6.45	6.2	615	44	615.0	680.0	14	-
1-1791220916-lane.gpuclock-2642242	113.7	39.37	25.40	6.41	6.15	615	45	615.0	680.0	15	-
1-1791220916-lane.gpuclock-2642242	115.2	39.22	25.50	6.45	6.18	615	42	615.0	680.0	16	-
1-1791220916-lane.gpuclock-2642242	117.0	33.15	30.17	6.64	6.27	615	40	615.0	680.0	18	-
1-1791220916-lane.gpuclock-2642242	119.2	27.83	35.93	7.25	6.47	615	36	615.0	680.0	21	-
1-1791220916-lane.gpuclock-2642242	121.0	33.50	29.85	6.7	6.44	615	37	615.0	680.0	18	-
1-1791220916-lane.gpuclock-2642242	122.7	35.55	28.13	6.67	6.4	615	39	615.0	680.0	17	-
1-1791220916-lane.gpuclock-2642242	124.8	27.51	36.35	7.34	7.07	615	37	615.0	680.0	22	-
1-1791220916-lane.gpuclock-2642242	126.5	35.65	28.05	6.22	5.96	615	36	615.0	680.0	17	-
1-1791220916-lane.gpuclock-2642242	127.8	47.06	21.25	5.09	4.84	615	39	615.0	680.0	12	-
1-1791220916-lane.gpuclock-2642242	129.0	49.71	20.12	4.93	4.69	615	42	615.0	680.0	12	-
1-1791220916-lane.gpuclock-2642242	130.3	46.48	21.52	4.97	4.69	615	41	615.0	680.0	13	-
1-1791220916-lane.gpuclock-2642242	131.6	45.39	22.03	5.52	5.17	615	40	615.0	680.0	13	-
1-1791220916-lane.gpuclock-2642242	133.0	43.23	23.13	5.6	4.89	615	42	615.0	680.0	14	-
1-1791220916-lane.gpuclock-2642242	134.2	50.42	19.83	4.96	4.49	615	40	615.0	680.0	12	-
1-1791220916-lane.gpuclock-2642242	140.2	9.92	100.82	1.7	1.32	615	10	615.0	680.0	61	-
1-1791220916-lane.gpuclock-2642242	142.7	24.49	40.83	0.7	0.51	615	2	615.0	680.0	24	-
1-1791220916-lane.gpuclock-2642242	144.2	38.99	25.65	1.99	1.49	615	5	615.0	680.0	15	-
1-1791220916-lane.gpuclock-2642242	145.2	60.00	16.67	3.33	2.06	615	15	615.0	680.0	10	-
1-1791220916-lane.gpuclock-2642242	146.2	60.00	16.67	1.73	1.06	615	32	615.0	680.0	10	-
1-1791220916-lane.gpuclock-2642242	147.2	60.06	16.65	1.19	0.73	615	21	615.0	680.0	10	-
1-1791220916-lane.gpuclock-2642242	148.2	59.94	16.68	1.28	0.79	615	12	615.0	680.0	10	-
1-1791220916-lane.gpuclock-2642242	149.2	59.94	16.68	1.36	0.79	615	13	615.0	680.0	10	-
1-1791220916-lane.gpuclock-2642242	150.2	59.94	16.68	1.46	0.82	615	14	615.0	680.0	10	-
1-1791220916-lane.gpuclock-2642242	151.2	59.94	16.68	1.48	0.82	615	15	615.0	680.0	10	-
1-1791220916-lane.gpuclock-2642242	152.2	59.94	16.68	1.69	0.95	615	15	615.0	680.0	10	-
1-1791220916-lane.gpuclock-2642242	153.2	59.94	16.68	1.8	0.96	615	17	615.0	680.0	10	-
1-1791220916-lane.gpuclock-2642242	154.2	59.94	16.68	1.53	0.87	615	18	615.0	680.0	10	-
1-1791220916-lane.gpuclock-2642242	155.3	58.42	17.12	1.78	1.12	615	16	615.0	680.0	11	-
1-1791220916-lane.gpuclock-2642242	156.5	49.75	20.10	3.02	2.76	615	19	615.0	680.0	12	-
1-1791220916-lane.gpuclock-2642242	157.5	56.93	17.57	2.43	2.15	615	27	615.0	680.0	10	-
1-1791220916-lane.gpuclock-2642242	158.5	59.88	16.70	2.52	1.5	615	24	615.0	680.0	10	-
1-1791220916-lane.gpuclock-2642242	159.5	59.88	16.70	3.55	2.09	615	25	615.0	680.0	10	-
1-1791220916-lane.gpuclock-2642242	160.6	56.98	17.55	3.86	2.27	615	35	615.0	680.0	11	-
1-1791220916-lane.gpuclock-2642242	161.6	60.42	16.55	2.98	2.35	615	35	615.0	680.0	10	-
1-1791220916-lane.gpuclock-2642242	162.6	60.67	16.48	2.21	1.35	615	30	615.0	680.0	10	-
1-1791220916-lane.gpuclock-2642242	163.6	59.94	16.68	2.19	1.29	615	24	615.0	680.0	10	-
1-1791220916-lane.gpuclock-2642242	164.6	59.94	16.68	2.07	1.22	615	22	615.0	680.0	10	-
1-1791220916-lane.gpuclock-2642242	165.7	51.06	19.58	3.18	2.52	615	23	615.0	680.0	11	-
1-1791220916-lane.gpuclock-2642242	166.8	59.41	16.83	2.54	2.19	615	28	615.0	680.0	11	-
1-1791220916-lane.gpuclock-2642242	167.8	59.94	16.68	2.16	1.25	615	26	615.0	680.0	10	-
1-1791220916-lane.gpuclock-2642242	168.8	59.94	16.68	2.43	1.4	615	23	615.0	680.0	10	-
1-1791220916-lane.gpuclock-2642242	169.8	59.94	16.68	2.31	1.32	615	23	615.0	680.0	10	-
1-1791220916-lane.gpuclock-2642242	170.8	59.88	16.70	2.48	1.48	615	24	615.0	680.0	10	-
1-1791220916-lane.gpuclock-2642242	171.8	60.00	16.67	2.36	1.45	615	24	615.0	680.0	10	-
1-1791220916-lane.gpuclock-2642242	172.8	59.88	16.70	2.38	1.43	615	23	615.0	680.0	10	-
1-1791220916-lane.gpuclock-2642242	173.8	59.94	16.68	2.2	1.31	615	23	615.0	680.0	10	-
1-1791220916-lane.gpuclock-2642242	174.8	59.94	16.68	2.13	1.23	615	22	615.0	680.0	10	-
1-1791220916-lane.gpuclock-2642242	175.8	60.00	16.67	2.06	1.2	615	21	615.0	680.0	10	-
1-1791220916-lane.gpuclock-2642242	176.8	59.94	16.68	2.15	1.26	615	20	615.0	680.0	10	-
1-1791220916-lane.gpuclock-2642242	177.8	59.88	16.70	2.23	1.35	615	21	615.0	680.0	10	-
1-1791220916-lane.gpuclock-2642242	178.8	59.94	16.68	2.19	1.33	615	22	615.0	680.0	10	-
1-1791220916-lane.gpuclock-2642242	179.8	60.00	16.67	2.19	1.26	615	22	615.0	680.0	10	-
1-1791220916-lane.gpuclock-2642242	180.8	59.94	16.68	2.28	1.32	615	22	615.0	680.0	10	-
1-1791220916-lane.gpuclock-2642242	181.8	59.88	16.70	2.57	1.48	615	23	615.0	680.0	10	-
1-1791220916-lane.gpuclock-2642242	182.8	59.94	16.68	2.75	1.63	615	25	615.0	680.0	10	-
1-1791220916-lane.gpuclock-2642242	183.8	59.94	16.68	2.77	1.63	615	27	615.0	680.0	10	-
1-1791220916-lane.gpuclock-2642242	184.8	59.94	16.68	2.62	1.55	615	27	615.0	680.0	10	-
1-1791220916-lane.gpuclock-2642242	185.8	59.82	16.72	3.2	1.88	615	26	615.0	680.0	10	-
1-1791220916-lane.gpuclock-2642242	186.8	59.94	16.68	3.62	2.19	615	31	615.0	680.0	10	-
1-1791220916-lane.gpuclock-2642242	187.8	60.06	16.65	3.15	1.88	615	36	615.0	680.0	10	-
1-1791220916-lane.gpuclock-2642242	188.8	59.94	16.68	2.41	1.36	615	31	615.0	680.0	10	-
1-1791220916-lane.gpuclock-2642242	189.8	59.94	16.68	2.34	1.33	615	25	615.0	680.0	10	-
1-1791220916-lane.gpuclock-2642242	190.8	59.94	16.68	2.34	1.32	615	24	615.0	680.0	10	-
1-1791220916-lane.gpuclock-2642242	191.8	59.94	16.68	2.35	1.35	615	23	615.0	680.0	10	-
1-1791220916-lane.gpuclock-2642242	192.8	59.94	16.68	2.4	1.37	615	24	615.0	680.0	10	-
1-1791220916-lane.gpuclock-2642242	193.8	59.94	16.68	2.19	1.25	615	23	615.0	680.0	10	-
1-1791220916-lane.gpuclock-2642242	194.8	59.94	16.68	2.25	1.34	615	22	615.0	680.0	10	-
1-1791220916-lane.gpuclock-2642242	195.8	59.82	16.72	2.9	1.72	615	22	615.0	680.0	10	-
1-1791220916-lane.gpuclock-2642242	197.8	29.97	33.37	3.94	2.32	615	37	615.0	680.0	10	-
1-1791220916-lane.gpuclock-2642242	198.8	59.94	16.68	3.96	2.31	615	40	615.0	680.0	10	-
1-1791220916-lane.gpuclock-2642242	199.8	59.94	16.68	4.03	2.38	615	39	615.0	680.0	10	-
1-1791220916-lane.gpuclock-2642242	200.8	59.94	16.68	3.94	2.31	615	39	615.0	680.0	10	-
1-1791220916-lane.gpuclock-2642242	201.8	59.88	16.70	4.01	2.36	615	39	615.0	680.0	10	-
1-1791220916-lane.gpuclock-2642242	202.8	59.94	16.68	4.17	2.43	615	40	615.0	680.0	10	-
1-1791220916-lane.gpuclock-2642242	203.8	60.12	16.63	3.51	2.05	615	40	615.0	680.0	10	-
1-1791220916-lane.gpuclock-2642242	204.8	59.94	16.68	2.89	1.7	615	34	615.0	680.0	10	-
1-1791220916-lane.gpuclock-2642242	205.8	59.94	16.68	2.95	1.69	615	29	615.0	680.0	10	-
1-1791220916-lane.gpuclock-2642242	206.8	59.94	16.68	2.81	1.63	615	28	615.0	680.0	10	-
1-1791220916-lane.gpuclock-2642242	207.8	59.94	16.68	2.77	1.64	615	28	615.0	680.0	10	-
1-1791220916-lane.gpuclock-2642242	208.8	59.94	16.68	2.37	1.38	615	27	615.0	680.0	10	-
1-1791220916-lane.gpuclock-2642242	209.8	59.94	16.68	2.39	1.39	615	24	615.0	680.0	10	-
1-1791220916-lane.gpuclock-2642242	210.8	59.94	16.68	2.45	1.42	615	24	615.0	680.0	10	-
1-1791220916-lane.gpuclock-2642242	211.8	59.94	16.68	2.41	1.39	615	24	615.0	680.0	10	-
1-1791220916-lane.gpuclock-2642242	212.8	59.94	16.68	2.56	1.49	615	25	615.0	680.0	10	-
1-1791220916-lane.gpuclock-2642242	213.8	59.88	16.70	2.5	1.5	615	25	615.0	680.0	10	-
1-1791220916-lane.gpuclock-2642242	214.8	59.82	16.72	2.5	1.54	615	24	615.0	680.0	10	-
1-1791220916-lane.gpuclock-2642242	215.8	59.94	16.68	4.33	2.59	615	29	615.0	680.0	10	-
1-1791220916-lane.gpuclock-2642242	216.8	59.94	16.68	4.56	2.73	615	39	615.0	680.0	10	-
1-1791220916-lane.gpuclock-2642242	217.8	59.94	16.68	4.87	2.94	615	44	615.0	680.0	10	-
1-1791220916-lane.gpuclock-2642242	218.8	59.94	16.68	4.59	2.81	615	47	615.0	680.0	10	-
1-1791220916-lane.gpuclock-2642242	219.8	60.06	16.65	3.43	2.04	615	44	615.0	680.0	10	-
1-1791220916-lane.gpuclock-2642242	220.8	59.00	16.95	4.17	2.45	615	36	615.0	680.0	10	-
1-1791220916-lane.gpuclock-2642242	221.8	60.79	16.45	4.27	2.53	615	38	615.0	680.0	10	-
1-1791220916-lane.gpuclock-2642242	222.8	59.94	16.68	4.31	2.56	615	42	615.0	680.0	10	-
1-1791220916-lane.gpuclock-2642242	223.9	55.15	18.13	4.34	3.07	615	43	615.0	680.0	11	-
1-1791220916-lane.gpuclock-2642242	224.9	59.76	16.73	3.56	3.32	615	40	615.0	680.0	10	-
1-1791220916-lane.gpuclock-2642242	225.9	58.94	16.97	3.54	3.3	615	38	615.0	680.0	10	-
1-1791220916-lane.gpuclock-2642242	227.0	55.15	18.13	3.5	3.22	615	37	615.0	680.0	11	-
1-1791220916-lane.gpuclock-2642242	228.1	55.71	17.95	3.48	3.22	615	36	615.0	680.0	10	-
1-1791220916-lane.gpuclock-2642242	229.1	57.47	17.40	3.32	3.04	615	34	615.0	680.0	11	-
1-1791220916-lane.gpuclock-2642242	230.1	61.22	16.33	3.47	2.96	615	36	615.0	680.0	10	-
1-1791220916-lane.gpuclock-2642242	231.1	60.36	16.57	3.94	2.62	615	37	615.0	680.0	10	-
1-1791220916-lane.gpuclock-2642242	232.1	59.94	16.68	4.36	2.67	615	41	615.0	680.0	10	-
1-1791220916-lane.gpuclock-2642242	233.1	60.00	16.67	4.39	2.69	615	43	615.0	680.0	10	-
1-1791220916-lane.gpuclock-2642242	238.2	11.86	84.32	2.32	1.52	615	13	615.0	680.0	50	-
1-1791220916-lane.gpuclock-2642242	239.7	39.68	25.20	1.41	0.8	615	4	615.0	680.0	15	-
1-1791220916-lane.gpuclock-2642242	241.5	33.39	29.95	6.22	5.52	615	13	615.0	680.0	18	-
1-1791220916-lane.gpuclock-2642242	243.0	38.76	25.80	7.08	6.25	615	46	615.0	680.0	16	-
1-1791220916-lane.gpuclock-2642242	244.8	33.78	29.60	8.22	7.79	615	47	615.0	680.0	17	-
1-1791220916-lane.gpuclock-2642242	246.5	35.89	27.87	7.92	7.65	615	47	615.0	680.0	17	-
1-1791220916-lane.gpuclock-2642242	248.2	35.78	27.95	8.06	7.78	615	48	615.0	680.0	17	-
1-1791220916-lane.gpuclock-2642242	249.9	35.01	28.57	7.88	7.63	615	48	615.0	680.0	17	-
1-1791220916-lane.gpuclock-2642242	251.6	34.88	28.67	8.16	7.93	615	48	615.0	680.0	17	-
1-1791220916-lane.gpuclock-2642242	253.4	33.94	29.47	8.02	7.76	615	49	615.0	680.0	18	-
1-1791220916-lane.gpuclock-2642242	254.8	42.25	23.67	5.06	4.79	615	41	615.0	680.0	14	-
1-1791220916-lane.gpuclock-2642242	255.9	54.50	18.35	3.65	3.39	615	36	615.0	680.0	11	-
1-1791220916-lane.gpuclock-2642242	256.9	60.18	16.62	2.58	2.38	615	34	615.0	680.0	10	-
1-1791220916-lane.gpuclock-2642242	257.9	59.94	16.68	1.8	1.63	615	26	615.0	680.0	10	-
1-1791220916-lane.gpuclock-2642242	258.9	59.76	16.73	3.7	3.54	615	24	615.0	680.0	10	-
1-1791220916-lane.gpuclock-2642242	259.9	58.71	17.03	4.02	3.82	615	32	615.0	680.0	10	-
1-1791220916-lane.gpuclock-2642242	260.9	57.14	17.50	3.99	3.78	615	40	615.0	680.0	11	-
1-1791220916-lane.gpuclock-2642242	262.0	57.03	17.53	4.02	3.77	615	39	615.0	680.0	10	-
1-1791220916-lane.gpuclock-2642242	263.0	57.86	17.28	4.02	3.76	615	39	615.0	680.0	10	-
1-1791220916-lane.gpuclock-2642242	264.1	55.56	18.00	4.0	3.75	615	40	615.0	680.0	11	-
1-1791220916-lane.gpuclock-2642242	265.1	58.77	17.02	4.02	3.76	615	39	615.0	680.0	10	-
1-1791220916-lane.gpuclock-2642242	266.1	59.46	16.82	3.63	3.38	615	40	615.0	680.0	11	-
1-1791220916-lane.gpuclock-2642242	267.1	59.94	16.68	1.72	1.56	615	33	615.0	680.0	10	-
1-1791220916-lane.gpuclock-2642242	268.1	59.94	16.68	1.72	1.55	615	20	615.0	680.0	10	-
1-1791220916-lane.gpuclock-2642242	269.2	59.94	16.68	1.72	1.55	615	17	615.0	680.0	10	-
1-1791220916-lane.gpuclock-2642242	270.2	59.94	16.68	1.72	1.55	615	17	615.0	680.0	10	-
1-1791220916-lane.gpuclock-2642242	271.2	59.94	16.68	1.72	1.55	615	17	615.0	680.0	10	-
1-1791220916-lane.gpuclock-2642242	272.2	59.94	16.68	1.72	1.55	615	18	615.0	680.0	10	-
1-1791220916-lane.gpuclock-2642242	273.2	59.94	16.68	1.72	1.55	615	17	615.0	680.0	10	-
1-1791220916-lane.gpuclock-2642242	274.2	59.94	16.68	1.72	1.55	615	17	615.0	680.0	10	-
1-1791220916-lane.gpuclock-2642242	275.2	59.94	16.68	1.74	1.57	615	17	615.0	680.0	10	-
1-1791220916-lane.gpuclock-2642242	276.2	59.94	16.68	1.72	1.55	615	17	615.0	680.0	10	-
1-1791220916-lane.gpuclock-2642242	277.2	59.94	16.68	1.72	1.56	615	17	615.0	680.0	10	-
